cpw;2015-04-20/2015-05-05;2015-05-05/2023-09-01
tterrag1098;2015-04-20/2015-04-30;2015-04-30/2015-06-23;2015-06-26/2015-07-05;2015-07-05/2015-08-01;2015-08-01/2015-09-18;2015-09-18/2015-10-12;2015-10-12/2015-10-24;2015-10-24/2015-10-29;2015-10-29/2015-11-12;2015-11-12/2015-12-11;2015-12-11/2015-12-13;2015-12-13/2015-12-17;2015-12-17/2015-12-19;2015-12-19/2016-01-01;2016-01-01/2016-01-07;2016-01-07/2016-02-07;2016-02-07/2016-02-09;2016-02-10/2016-02-18;2016-02-18/2016-02-29;2016-02-29/2016-03-18;2016-03-18/2016-03-29;2016-03-29/2016-05-19;2016-05-19/2016-06-02;2016-06-02/2016-06-17;2016-06-17/2016-06-23;2016-06-23/2016-07-14;2016-07-14/2017-01-01;2017-01-01/2017-05-12;2017-05-12/2018-03-16;2018-03-16/2018-06-12;2018-06-12/2018-06-18;2018-06-18/2018-06-20;2018-06-20/2018-09-23;2018-09-23/2019-02-15;2019-02-15/2019-05-09;2019-05-09/2020-01-08;2020-01-09/2020-02-19;2020-02-19/2020-04-22;2020-04-22/2020-07-18;2020-07-19/2020-09-24;2020-09-24/2021-01-12;2021-01-12/2021-06-23;2021-06-23/2021-12-24;2021-12-24/2023-09-01
diesieben07;2015-04-28/2015-09-18;2015-09-18/2023-09-01
invalidCards;2015-06-17/2015-11-12;2015-11-12/2023-09-01
LexManos;2015-06-17/2015-06-23;2015-06-23/2019-08-03;2019-08-03/2023-09-01
bonii-xx;2015-06-24/2016-12-10;2016-12-10/2023-09-01
andrewtackett;2015-10-12/2023-09-01
shadowfacts;2015-10-25/2023-09-01
MattDahEpic;2015-10-28/2015-11-03;2015-11-03/2015-12-11;2015-12-11/2023-09-01
Nucleria;2015-12-19/2023-09-01
marvin-roesch;2016-01-07/2016-02-10;2016-02-10/2016-05-19;2016-05-19/2017-06-27;2017-06-27/2017-07-02;2017-07-02/2017-07-15;2017-07-15/2017-10-03;2017-10-03/2017-12-28;2017-12-28/2018-01-28;2018-01-28/2018-04-20;2018-04-20/2018-06-15;2018-06-15/2018-07-20;2018-07-20/2018-08-06;2018-08-06/2018-08-21;2018-08-21/2018-09-24;2018-09-24/2019-05-09;2019-05-09/2020-02-20;2020-02-20/2023-09-01
williewillus;2015-12-18/2016-03-09;2016-03-09/2016-03-18;2016-03-18/2016-05-16;2016-05-18/2016-06-16;2016-06-16/2017-01-02;2017-01-02/2017-05-12;2017-05-12/2018-03-16;2018-03-16/2018-05-10;2018-05-10/2019-02-15;2019-02-15/2019-03-05;2019-03-05/2023-09-01
gigaherz;2016-01-31/2016-02-04;2016-02-04/2016-03-28;2016-03-28/2016-12-31;2016-12-31/2023-09-01
Krasjet;2016-02-18/2023-09-01
abvadabra;2016-02-29/2023-09-01
meow-j;2016-06-25/2023-09-01
dylanrenwick;2016-07-16/2023-09-01
Choonster;2016-07-19/2016-10-07;2016-10-07/2017-06-29;2017-06-29/2023-09-01
howtonotwin;2016-08-09/2016-08-11;2016-08-14/2016-10-01;2016-10-01/2016-10-03;2016-10-03/2016-10-07;2016-10-07/2016-10-18;2016-10-19/2016-10-28;2016-10-31/2016-12-23;2016-12-23/2016-12-25;2016-12-26/2017-01-16;2017-01-16/2017-01-24;2017-01-24/2017-04-25;2017-04-25/2017-07-07;2017-07-07/2017-07-23;2017-07-23/2017-07-26;2017-07-27/2023-09-01
Abastro;2016-08-17/2023-09-01
TheCodedOne;2016-12-31/2023-09-01
elifoster;2017-01-02/2017-01-04;2017-01-04/2017-01-28;2017-01-28/2017-04-10;2017-04-10/2023-09-01
MidnightLightning;2017-04-19/2023-09-01
MinecraftPlaye;2017-05-13/2018-09-23;2018-09-23/2023-09-01
RlonRyan;2017-07-03/2023-09-01
JamiesWhiteShirt;2017-07-19/2017-10-04;2017-10-04/2018-03-16;2018-03-16/2018-04-20;2018-04-20/2018-08-19;2018-08-19/2023-09-01
Drakmyth;2017-07-23/2023-09-01
Nullcaller;2017-07-23/2023-09-01
SnowShock35;2017-08-15/2023-09-01
G-Rath;2017-08-23/2018-03-16;2018-03-16/2023-09-01
TehNut;2017-09-25/2018-01-23;2018-01-23/2023-09-01
josephcsible;2017-10-31/2023-09-01
under-scores;2017-12-24/2023-09-01
basti1302;2018-01-02/2023-09-01
rhilenova;2018-03-23/2023-09-01
Shadows-of-Fire;2018-04-18/2023-09-01
MakotoE;2018-04-27/2023-09-01
JTK222;2018-05-17/2018-06-15;2018-06-15/2018-07-11;2018-07-11/2018-08-18;2018-08-18/2023-09-01
ZebulanStanphill;2018-09-17/2023-09-01
mincrmatt12;2018-09-24/2023-09-01
ZippeyKeys12;2018-10-06/2023-09-01
3TUSK;2018-10-07/2018-10-11;2018-10-11/2019-02-15;2019-02-15/2023-09-01
LukeGi;2018-11-23/2023-09-01
bs2609;2018-11-26/2019-02-15;2019-02-15/2023-09-01
Clownvin;2019-02-15/2023-09-01
suarezsandicamilo;2019-06-04/2023-09-01
brandonbothell;2019-06-05/2023-09-01
DaemonUmbra;2019-08-03/2023-09-01
Cadiboo;2020-01-21/2020-01-27;2020-01-27/2020-04-22;2020-04-22/2023-09-01
Aeltumn;2020-01-21/2020-01-26;2020-01-26/2020-04-22;2020-04-22/2023-09-01
kaltinril;2020-01-21/2023-09-01
JoJoDeveloping;2020-01-27/2023-09-01
realmayus;2020-02-19/2023-09-01
Liam-Ryan;2020-04-22/2023-09-01
tonitch;2020-04-22/2023-09-01
TheGreyGhost;2020-04-26/2023-09-01
Draco18s;2020-07-18/2023-09-01
mrp-v2;2020-07-18/2023-09-01
TBBYT;2020-07-18/2023-09-01
sigmasoldi3r;2020-07-18/2023-09-01
Cyborgmas;2020-07-19/2023-09-01
ChampionAsh5357;2020-07-19/2021-01-12;2021-01-12/2021-03-22;2021-03-22/2021-06-21;2021-06-21/2021-10-06;2021-10-06/2022-01-26;2022-01-26/2022-02-09;2022-02-10/2022-02-20;2022-02-20/2022-03-06;2022-03-06/2022-03-27;2022-03-27/2022-03-29;2022-03-29/2022-04-03;2022-04-04/2022-04-08;2022-04-08/2022-04-10;2022-04-10/2022-04-15;2022-04-17/2022-05-13;2022-05-13/2022-05-29;2022-05-29/2022-06-09;2022-06-09/2022-06-18;2022-06-18/2022-07-21;2022-07-21/2022-08-03;2022-08-03/2022-08-20;2022-08-20/2022-09-14;2022-09-14/2022-09-26;2022-09-26/2022-11-02;2022-11-03/2022-12-16;2022-12-16/2022-12-23;2022-12-23/2023-01-03;2023-01-03/2023-02-05;2023-02-05/2023-02-12;2023-02-13/2023-03-26;2023-03-26/2023-05-10;2023-05-10/2023-06-08;2023-06-08/2023-09-01
sciwhiz12;2020-07-19/2021-01-12;2021-01-12/2021-08-29;2021-08-29/2022-05-29;2022-05-29/2023-09-01
TheCurle;2020-10-08/2021-03-22;2021-03-22/2021-08-29;2021-08-29/2023-09-01
MichaelHillcox;2021-01-12/2023-09-01
ravenbuilder934;2021-01-12/2023-09-01
PellucidDice;2021-03-22/2023-09-01
D0CTOR-ZED;2022-02-10/2023-09-01
eerussianguy;2022-02-20/2023-09-01
shaokeyibb;2022-05-02/2023-09-01
gdams;2022-05-05/2023-09-01
skyjay1;2022-06-29/2023-09-01
Matyrobbrt;2022-10-10/2023-09-01
Maaxed;2022-12-23/2023-09-01
Daniel-Mendes;2023-01-03/2023-03-19;2023-03-19/2023-09-01
XFactHD;2023-05-15/2023-09-01
srcres258;2023-07-15/2023-09-01
