amaembo;2017-04-13/2017-09-27;2017-09-27/2018-01-10;2018-01-10/2018-03-01;2018-03-01/2018-03-14;2018-03-14/2018-09-05;2018-09-05/2018-10-01;2018-10-01/2018-10-08;2018-10-08/2019-01-17;2019-01-17/2019-07-25;2019-07-25/2020-04-22;2020-04-22/2020-05-13;2020-05-14/2020-07-29;2020-07-29/2020-08-06;2020-08-07/2020-12-02;2020-12-02/2021-04-05;2021-04-05/2021-04-13;2021-04-13/2021-10-01;2021-10-01/2022-01-14;2022-01-14/2022-02-17;2022-02-17/2022-06-20;2022-06-20/2022-07-04;2022-07-04/2022-09-13;2022-09-13/2022-09-15;2022-09-16/2022-09-23;2022-09-23/2022-12-05;2022-12-05/2023-02-07;2023-02-07/2023-06-13;2023-06-13/2023-07-17;2023-07-18/2023-09-01
gorrus;2017-04-13/2017-04-20;2017-04-21/2017-04-24;2017-04-28/2017-05-03;2017-05-05/2017-05-10;2017-05-10/2017-10-25;2017-10-25/2018-01-10;2018-01-11/2018-02-16;2018-02-16/2018-04-27;2018-04-27/2018-05-17;2018-05-17/2018-05-21;2018-05-21/2018-09-12;2018-09-12/2018-09-27;2018-09-27/2018-12-14;2018-12-14/2018-12-17;2018-12-18/2019-03-06;2019-03-06/2023-09-01
helgp;2017-04-24/2023-09-01
ioistired;2017-06-05/2023-09-01
trespasserw;2017-06-08/2017-09-27;2017-09-27/2017-11-28;2017-11-28/2017-12-01;2017-12-01/2017-12-04;2017-12-08/2018-01-11;2018-01-11/2018-01-31;2018-01-31/2018-03-06;2018-03-08/2018-08-10;2018-08-10/2018-09-28;2018-09-28/2018-10-19;2018-10-19/2018-10-23;2018-10-24/2018-12-17;2018-12-17/2019-04-10;2019-04-10/2019-07-15;2019-07-15/2021-01-18;2021-01-18/2021-02-11;2021-02-12/2021-02-17;2021-02-17/2021-04-20;2021-04-20/2021-11-24;2021-11-25/2022-03-31;2022-03-31/2022-06-27;2022-06-27/2022-09-01;2022-09-01/2023-09-01
Maccimo;2017-10-15/2017-10-18;2017-10-18/2018-01-23;2018-01-23/2018-04-27;2018-04-27/2020-12-18;2020-12-18/2021-04-15;2021-04-15/2021-11-24;2021-11-25/2023-09-01
thenickdude;2017-11-24/2023-09-01
cdracm;2018-01-18/2018-06-17;2018-06-17/2018-10-01;2018-10-02/2019-01-23;2019-01-23/2019-05-13;2019-05-13/2020-11-12;2020-11-12/2023-09-01
chashnikov;2018-01-23/2018-09-06;2018-09-06/2021-01-15;2021-01-15/2023-02-06;2023-02-06/2023-09-01
sirgl;2018-02-01/2023-09-01
temp1011;2018-07-31/2023-09-01
develar;2018-08-14/2020-01-21;2020-01-21/2020-06-26;2020-06-26/2020-11-02;2020-11-02/2021-04-12;2021-04-12/2022-12-30;2022-12-30/2023-09-01
JDLogic;2018-09-11/2023-09-01
akozlova;2018-10-04/2019-06-12;2019-06-12/2020-06-05;2020-06-05/2021-01-16;2021-01-16/2023-09-01
md-5;2018-12-18/2019-01-05;2019-01-05/2023-09-01
TheMrMilchmann;2019-03-07/2023-09-01
artfly;2019-04-08/2023-09-01
gregsh;2019-05-14/2023-09-01
amakeev;2019-05-06/2019-05-15;2019-05-16/2023-09-01
AlexandrSuhinin;2019-05-13/2023-09-01
ARostovsky;2019-05-27/2023-09-01
egorzhdan;2019-04-04/2023-09-01
rvishnyakov;2019-06-08/2023-09-01
ignatov;2019-07-23/2023-09-01
bade7n;2020-02-03/2023-09-01
malte0811;2020-07-15/2023-09-01
simon816;2020-07-15/2023-09-01
leonardosnt;2021-02-11/2023-09-01
jqyp;2021-11-01/2023-09-01
XenoAmess;2021-11-24/2023-09-01
coehlrich;2021-11-24/2022-03-25;2022-03-25/2023-09-01
BartvHelvert;2021-12-10/2021-12-13;2021-12-13/2021-12-15;2021-12-17/2021-12-20;2021-12-20/2021-12-22;2021-12-22/2021-12-29;2021-12-31/2022-01-04;2022-01-06/2022-01-10;2022-01-12/2022-01-17;2022-01-17/2022-01-19;2022-01-19/2022-01-23;2022-01-24/2022-01-26;2022-01-27/2022-01-31;2022-02-03/2022-02-06;2022-02-06/2022-02-21;2022-02-21/2022-03-30;2022-03-30/2022-08-11;2022-08-11/2022-08-15;2022-08-15/2022-12-02;2022-12-02/2023-03-25;2023-03-25/2023-09-01
ThexXTURBOXx;2022-03-31/2023-09-01
asmjmp0;2022-09-01/2023-09-01
BasLeijdekkers;2023-01-03/2023-09-01
nebojsa-vuksic;2023-06-20/2023-09-01
