brad0;2013-10-18/2020-01-15
sorensp;2013-01-17/2013-01-19;2013-01-19/2013-09-30;2013-09-30/2013-10-18;2013-10-18/2013-10-23;2013-10-23/2013-11-02;2013-11-02/2013-11-10;2013-11-10/2013-11-12;2013-11-12/2013-11-16;2013-11-16/2013-11-18;2013-11-18/2013-11-24;2013-11-24/2013-12-03;2013-12-04/2013-12-08;2013-12-08/2013-12-26;2013-12-26/2014-04-09;2014-04-09/2014-04-24;2014-04-24/2014-06-01;2014-06-01/2014-09-20;2014-09-20/2016-04-09;2016-04-09/2016-08-31;2016-08-31/2016-09-03;2016-09-03/2020-01-15
ritzk;2013-10-23/2020-01-15
ranma42;2013-11-11/2015-10-11;2015-10-11/2015-10-13;2015-10-13/2015-12-22;2015-12-23/2020-01-15
qboosh;2013-11-12/2020-01-15
bavison;2014-03-20/2014-03-28;2014-03-28/2014-04-09;2014-04-09/2014-04-24;2014-04-24/2015-03-03;2015-03-03/2015-04-08;2015-04-08/2015-05-07;2015-05-07/2015-05-26;2015-05-27/2015-05-29;2015-05-29/2015-08-20;2015-08-20/2015-09-02;2015-09-02/2015-09-04;2015-09-04/2015-09-07;2015-09-07/2015-09-22;2015-09-22/2020-01-15
ssvb;2014-03-07/2014-09-22;2014-09-22/2015-09-04;2015-09-04/2015-09-22;2015-09-22/2018-06-12;2018-06-12/2020-01-15
ppaalanen;2014-03-31/2014-04-10;2014-04-10/2015-04-09;2015-04-10/2015-04-13;2015-04-14/2015-05-07;2015-05-07/2015-06-10;2015-06-10/2015-07-07;2015-07-07/2015-09-07;2015-09-08/2020-01-15
nemanja-lukic;2014-06-27/2020-01-15
mattst88;2013-01-02/2015-10-11;2015-10-11/2015-11-18;2015-11-18/2019-04-07;2019-04-07/2019-04-10;2019-04-10/2020-01-15
spitzak;2015-04-29/2016-08-31;2016-08-31/2020-01-15
jcowgill;2015-05-05/2020-01-15
ogabbay;2015-06-18/2015-06-25;2015-06-25/2015-06-28;2015-06-29/2015-07-01;2015-07-02/2015-08-01;2015-08-01/2015-09-06;2015-09-06/2015-10-23;2015-10-23/2015-12-15;2015-12-15/2015-12-22;2015-12-23/2020-01-15
tpetazzoni;2015-09-17/2016-01-17;2016-01-17/2020-01-15
GyrosGeier;2015-12-22/2019-02-11;2019-02-11/2020-01-15
behdad;2018-01-09/2020-01-15
sharkcz;2018-05-10/2020-01-15
nwnk;2018-05-31/2018-06-05;2018-06-05/2019-10-15;2019-10-15/2019-10-31;2019-11-01/2020-01-15
mlankhorst;2018-05-30/2018-07-11;2018-07-11/2018-11-21;2018-11-21/2018-12-06;2018-12-07/2019-02-11;2019-02-11/2020-01-15
dcbaker;2018-08-31/2018-11-29;2018-11-29/2019-03-25;2019-03-25/2019-09-09;2019-09-09/2020-01-15
niveditharau;2019-02-22/2020-01-15
lazka;2019-05-11/2020-01-15
fanc999-1;2014-11-11/2019-07-24;2019-07-24/2020-01-15
kraj;2016-05-18/2020-01-15
