splattael;2016-06-28/2017-02-24;2017-02-24/2020-01-15
bcardiff;2016-06-30/2016-07-05;2016-07-05/2016-08-05;2016-08-05/2017-12-08;2017-12-08/2018-01-04;2018-01-04/2018-01-12;2018-01-12/2018-03-09;2018-03-09/2018-04-06;2018-04-06/2018-05-21;2018-05-21/2018-05-30;2018-05-30/2018-06-06;2018-06-06/2018-06-21;2018-06-22/2018-06-28;2018-06-28/2018-08-09;2018-08-09/2018-08-13;2018-08-13/2018-08-28;2018-08-28/2018-08-30;2018-08-30/2018-09-01;2018-09-01/2018-09-03;2018-09-03/2018-11-02;2018-11-02/2018-12-10;2018-12-10/2019-01-30;2019-01-30/2019-02-01;2019-02-01/2019-02-05;2019-02-05/2019-03-01;2019-03-01/2019-04-17;2019-04-17/2019-04-22;2019-04-23/2019-04-30;2019-04-30/2019-06-05;2019-06-05/2019-06-19;2019-06-19/2019-07-03;2019-07-03/2019-08-01;2019-08-01/2019-08-12;2019-08-12/2019-09-05;2019-09-06/2019-09-23;2019-09-23/2019-09-30;2019-09-30/2019-10-11;2019-10-11/2019-10-17;2019-10-17/2019-10-26;2019-10-26/2019-12-05;2019-12-05/2019-12-11;2019-12-12/2019-12-17;2019-12-18/2020-01-15
dclausen;2016-07-05/2020-01-15
asterite;2016-07-16/2016-09-01;2016-09-01/2016-09-10;2016-09-10/2016-09-18;2016-09-18/2016-10-13;2016-10-13/2016-11-22;2016-11-22/2020-01-15
Byron;2016-08-05/2020-01-15
RX14;2016-08-07/2020-01-15
matiasgarciaisaia;2016-10-07/2016-12-01;2016-12-01/2016-12-06;2016-12-07/2016-12-16;2016-12-16/2016-12-26;2016-12-26/2016-12-29;2016-12-29/2017-01-27;2017-01-27/2017-02-08;2017-02-08/2017-02-10;2017-02-10/2017-02-16;2017-02-17/2017-02-22;2017-02-24/2017-04-04;2017-04-04/2017-04-06;2017-04-06/2017-04-21;2017-04-21/2017-04-25;2017-04-26/2017-05-05;2017-05-05/2017-05-09;2017-05-09/2017-05-15;2017-05-15/2017-05-19;2017-05-19/2017-09-13;2017-09-13/2017-09-25;2017-09-25/2017-10-27;2017-10-27/2017-10-30;2017-10-30/2017-11-08;2017-11-08/2017-12-19;2017-12-19/2018-01-08;2018-01-08/2018-01-15;2018-01-15/2018-01-25;2018-01-25/2018-02-06;2018-02-06/2018-02-14;2018-02-14/2018-03-12;2018-03-12/2018-06-14;2018-06-14/2018-06-19;2018-06-19/2018-06-29;2018-06-29/2018-09-06;2018-09-06/2020-01-15
spalladino;2016-12-30/2017-01-05;2017-01-06/2017-02-15;2017-02-15/2020-01-15
will;2016-12-30/2020-01-15
philnash;2017-01-05/2020-01-15
KCreate;2017-01-06/2017-02-08;2017-02-08/2017-02-22;2017-02-22/2020-01-15
pmallol;2017-03-20/2020-01-15
cryptomeme;2017-03-28/2020-01-15
jamierocks;2017-04-21/2020-01-15
Alexendoo;2017-03-24/2020-01-15
ndbroadbent;2017-05-08/2020-01-15
dannyshafer;2017-06-21/2020-01-15
noformnocontent;2017-06-09/2020-01-15
Fryguy;2017-08-09/2019-10-22;2019-10-22/2020-01-15
Ivo-Balbaert;2017-10-14/2020-01-15
whtsky;2017-10-15/2020-01-15
straight-shoota;2018-01-10/2018-01-14;2018-01-14/2018-11-02;2018-11-02/2019-05-08;2019-05-08/2019-09-08;2019-09-08/2019-10-18;2019-10-18/2019-10-22;2019-10-23/2019-10-31;2019-10-31/2020-01-02;2020-01-02/2020-01-15
bew;2018-06-15/2018-11-04;2018-11-04/2020-01-15
nicck;2018-08-14/2020-01-15
wooster0;2018-11-04/2020-01-15
dprobinson;2019-06-10/2020-01-15
jc00ke;2019-10-07/2020-01-15
ftarulla;2019-10-17/2020-01-15
dependabot[bot];2019-12-20/2020-01-15
