id;date;author
5ef8d1bfbf4870dc3f3e7ab73933a0b5aef05d32;2016-03-31 17:18:27;dacap
7cf9a34adeedffaea9ba53a343c4a7838f008f17;2016-03-31 17:28:45;dacap
d960ced6e105c423f22a206e8525550a541a5d3e;2016-03-31 20:40:35;dacap
8f506d3257b3d4dda78ede7d1023d6455953d115;2016-04-04 20:03:43;mtklein
76531da252314822892af957262f5137b8a2de30;2016-04-06 01:52:26;jbowler
819b125e6e9df7b3c46505fd6c7f0c07d2551aa6;2016-04-13 03:10:55;jbowler
5b0a0ded05d55897e1b51a38339440335edb5156;2016-04-13 03:43:29;jbowler
d642eede9a93788bb5959800d8e1918e443ff458;2016-04-13 04:01:50;jbowler
569a1d27b45093508edfe754900db25bc2b81de0;2016-04-13 04:04:27;jbowler
7572840cd0bb3c4d9101086251eda0f90ecc6fc5;2016-04-13 04:10:04;jbowler
e81f16bf5d80066880b81b92ea6302bba4cda961;2016-04-13 04:17:22;jbowler
703944c39d47e12ce5bad4896135917b7fae26cf;2016-04-13 16:37:25;jbowler
af9d06e06add444b0c5097422cf6059fe6a15932;2016-04-13 17:04:08;jbowler
319a7b842bc1184ad6aee831eb2b542fe9e5a2d0;2016-04-19 17:10:15;dacap
3f46c67c6989f480bd932428aa1705f6625dbabf;2016-05-29 14:31:48;tnikkel
81f0273d54aa9de663253b197b3c8228d659cc36;2016-05-29 14:45:33;jbowler
801b925edf39a57b5ff87021007a8ac8a582fac9;2016-05-29 16:30:00;jbowler
bd2370c0543608222c726b65d62574099852ee5a;2016-05-30 15:12:51;jbowler
a4b26efa1fc3410ac7f1dee716c919738bce6f82;2016-06-11 17:04:28;jbowler
5c6b7e177cb59a20ecd97b4f30aee5ebe302b9dc;2016-06-11 19:11:09;jbowler
bf2613b975a608d2ea33b4d7a6f7f57402ec6225;2016-06-11 21:18:35;jbowler
e1123aa80ccfb3fe42afa24f96ae16d4b7ca5683;2016-06-12 13:51:09;jbowler
9c04f57cabbf736e91b831858d0eeecca703eabf;2016-06-19 23:01:33;jbowler
36762ac4b46ccea1e5be11dee336af099ecacf9c;2016-06-20 12:59:25;mattsarett
4af267c07b935dc1bfaf1889c63a29f8fa15025b;2016-06-20 16:23:59;jbowler
1df0ace0b4014152d10fe6772ecbf3cb2d014206;2016-06-23 00:35:49;jbowler
98af5054392b34eb390ca08d329547a9cfa24dcd;2016-06-23 00:37:20;jbowler
21d9e6e0fb31a9d77d2f2ec981e158dd0c2c496b;2016-06-23 00:38:56;jbowler
e5d468ea9c4457e52c3d31347b63629a7a8e4c6b;2016-06-23 00:40:06;jbowler
da2ba024a53abaa8f87783aed54416b2b22ffc06;2016-06-23 15:51:44;jbowler
0ac91cc657ff18f48675183f09fc4a2102fe8dd4;2016-06-29 02:18:09;jbowler
9957c450731e131c184c9f7c9fe282dbac1258f3;2016-07-01 06:24:24;jbowler
a93744423d432482116d1bd4f41660a9f4232ed4;2016-07-01 15:14:05;jbowler
54feb0ad2a5752b68254d0efd9b4249f196b8ae5;2016-07-02 14:37:37;jbowler
cfc19ff1b6067b83baef5cfb0493b9bd86d3ec15;2016-07-03 19:48:11;jbowler
92a7c79db2c962d04006b35e2603ba9d5ce75541;2016-08-10 22:35:09;jbowler
ee5e39835c90897b8d43d547c1919b6b45d10465;2016-08-29 13:37:25;mandar-sahastrabuddhe
b43133b3613dd91154ebf942af390fac98a410ef;2016-08-30 05:43:12;mandar-sahastrabuddhe
d1f14c829aee13662fdf47ce3830a9c6e2450afb;2016-08-30 08:21:25;mandar-sahastrabuddhe
f0b453bc3e7da1ee6a1cb02a90db80e6702e4b30;2016-09-01 14:22:40;jbowler
597b1a1b5e897bc871337449b550010e899ddb19;2016-09-01 20:27:58;jbowler
7dc03292502cf91a116766d2ab2c4f8fc23e4ab4;2016-09-03 02:26:42;jbowler
319c9852bf65a5ff587328ec9f1e3a7873f8d044;2016-10-01 01:37:22;jbowler
13a354f81e76eb2edf0caa1172ba43ab94e1521d;2016-12-27 00:24:40;jbowler
bf90247a632222b3ad4ac6afb0c9abf541990ba7;2016-12-27 02:16:55;jbowler
08d00b25d8470a6c114403cbafc6a73c234b6621;2016-12-27 16:21:12;jbowler
aaed6782e8d8f8de7fc27fd4397224d153d159e4;2016-12-27 21:28:55;jbowler
09fae1b5d3e0fd384fb6fe48e75f258d29511202;2016-12-30 03:14:43;jbowler
993bd6132972a41b6f1deb64b923cad87cdd4d9a;2016-12-30 17:03:40;jbowler
29b9fd605e4e7e6c3b52a0cee7ea487e825950a7;2016-12-31 17:18:27;jbowler
14e885a54c4cab19011ec10f466fc992f3e03f4e;2017-01-02 01:36:47;dooglz
16fe97592812003baa15c5da5375b26d1e2eb7b3;2017-01-04 00:38:52;jbowler
b784934049313340b393ae3d6e51206c04953984;2017-01-04 21:22:53;jbowler
f8fe5f8560172e10e9b739eabd23ff0c190c8ced;2017-01-06 16:45:05;jbowler
c3f4e5fb1a349d383a056b16e9eec17885d7a337;2017-01-20 19:31:54;RomeroMalaquias
24b27e59489e7d40cb9b0a0d0c04b9f241f89e57;2017-01-24 03:01:45;jbowler
7428ca944d1b0f3724a672731e5bb0462b7727ec;2017-02-02 22:05:46;jbowler
7218761fe1197ebc0f41053b2cd7c6bd2679b737;2017-02-21 23:15:48;jbowler
8c50acb9d2522d4a2a80a929081e9f83af0bec90;2017-03-29 23:54:40;vszakats
dce241c107e8a4e3192129a816e253c75dc3d1b9;2017-03-30 00:12:53;vszakats
7bbd665b34b0ad5074fc0dd44cf20838baeeafa3;2017-03-30 12:22:25;vszakats
b3ffdc599199868b7103af69231652f904b15669;2017-03-31 23:25:57;vszakats
054be18721c72f5fb97fc81f0ac23aa40e8f9859;2017-04-03 21:23:09;vszakats
95f3c07d6f9e609fdfd701af272f7b6bcd1b2c02;2017-05-27 13:54:30;vszakats
72d07d32024192f10e1574d50b609c9b12ac8a30;2017-07-11 12:50:35;jbowler
2037030d50a511b1d8a2e593adda205b822d0fbc;2017-08-04 19:46:17;starseeker
14a8996fe6f1a01459dd93e563a58a6dc4de2879;2017-08-28 16:27:23;eworm-de
b47e0f5ceb525796dd98900613f3744d45331216;2017-09-02 13:09:30;bkuhls
cbcb39932c7141fdd2fcc529f69a2c587fb02dac;2017-09-05 21:02:15;kcc
d17041f0528239d866ffce44aa7e22714ba16e2c;2017-09-05 23:46:00;glennrp
95046512a4f7b63b78f8dcfee6462f375f129b44;2017-09-06 05:22:46;ioquatix
d532334ef514e9625559e76c83119d317ca790f3;2017-11-13 21:05:07;vadz
eb91c0e4ed67fb4e8e8ffaaedfaf84e1c4b034fb;2018-02-09 11:57:29;luzpaz
140f3aa2801669a23a454edef0fbf88a91f65bc3;2018-03-05 14:10:41;taigacon
a74aa9a0028a8e746ec5646a3d3ee1c659f0af8a;2018-06-18 02:37:44;ctruta
8a05766cb74af05c04c53e6c9d60c13fc4d59bf2;2018-06-18 02:56:29;ctruta
2471434d29a8a006e8ca8e5b286c37b8604263b1;2018-07-02 03:32:08;ctruta
46aedd8961b93d92ba6ad48b1ca3d1513feb6bb0;2018-07-16 03:58:00;ctruta
c17d164b4467f099b4484dfd4a279da0bc1dbd4a;2018-07-16 03:58:00;ctruta
8da397423e82e622634074e8d4875b0f4827e2a1;2018-07-16 03:58:00;ctruta
46924bd877caa845085bfcd44d91366487b9f6e5;2018-07-17 01:06:31;endrift
ddc842bf0690bb6da6dfdd3cd8a53b4421249db0;2018-07-17 01:05:41;endrift
fb6312a9f9f368ece6955d73413c913f582371cf;2018-07-17 01:23:56;endrift
d4fb6214297f21e9276b06417bffa4f142f254de;2018-07-28 22:34:58;ctruta
47f18784e475f5dbb2ce7994b4e25606736b6742;2018-07-28 22:34:58;ctruta
a8738932792b27cc5d0661776c9a038f20c42fde;2018-07-28 22:47:21;ctruta
c36c09f00426a07fef5c6d6a7361c12a47e6439b;2018-07-29 03:00:48;ctruta
b729fff4a3e1fcadf581a525af6b09b4f5696228;2018-07-29 03:39:55;ctruta
8440326590a4fa29b21c795f3a486df353e46d94;2018-07-29 04:33:12;ctruta
6d55a14c588579511bd8b996f734c5cc9c249560;2018-07-30 01:51:48;ctruta
1bd4214a42277fc5125a422f49df3a781219943b;2018-07-30 02:19:43;ctruta
7cb7afb43d5fc721c0dd6e278fad87ae13d1d404;2018-07-31 17:44:37;ccawley2011
9730362202b6372b31b2ee101b9f04b1238fdad4;2018-08-10 04:58:48;ctruta
f5d48df4183f438816e76d84b14391b412815fa9;2018-08-11 04:47:18;ctruta
6c059f8f5ba69e3f87c6f15ab3959f21e212c495;2018-08-11 04:47:18;ctruta
43446b735de35785de2e54c75f5cb013d9c92259;2018-08-13 03:46:02;ctruta
1d89a5db667d81941d8c191e8c5f9913fd843654;2018-08-18 23:49:56;ctruta
58eedced2578c143705c1d8503e4ed3a40aaa8b3;2018-08-18 23:49:56;ctruta
1ef88828146c23bfc6d81042c6d6ecd61ccc983b;2018-08-19 01:01:02;ctruta
ceb327789bf0a797a4e78d58cf1ec48585d16eae;2018-08-19 02:47:16;ctruta
a294c1bcb65b44d0875ecd28a628f39f1253dce1;2018-06-05 04:39:11;luzpaz
d3d1baadb4fc892850487e72c114ce52ca73cf11;2017-11-09 03:05:00;ioquatix
8033c96f3261fd435008cb09e9834eff6bd51cb1;2018-08-19 09:36:53;zzzzRuby
2fc5ddff180f20ab8f7c689dc7a9562521c2f427;2018-09-04 02:27:45;ctruta
7734cda20cf1236aef60f3bbd2267c97bbb40869;2018-01-25 19:03:04;richard-townsend-arm
b66ed711315c46ef6c556c83c0074ecdcbd9937f;2018-09-04 04:15:30;ctruta
1ceaa83a844cd3ecef25279d60720f910b96f297;2018-09-04 04:53:38;ctruta
94429a335b0da5bfa3fbede74735128a495b5148;2018-09-04 04:58:55;ctruta
a54a0562c53daf2d627f1631be0dd6531cca1694;2018-09-04 05:10:21;ctruta
ee7967eea439145673fa89e2d7d56d4932c182cc;2018-11-18 02:31:55;ctruta
7b2224cb6e1108e1786a965578796bc7d94e9546;2018-11-18 04:39:15;ctruta
702a07e71602a1d81e888b46cbbcf8398b02454d;2018-11-23 18:35:18;kbentley
81a65de25dd3efbdbe02f389545741ca186c513c;2018-11-26 01:27:04;ctruta
e79085a1724ccc5526dc752f6a696b3a94ef8cfa;2018-11-06 04:49:39;ctruta
85acd919b954fc7551ecb56e7fe8c99e321b49f3;2018-12-01 14:36:00;ctruta
eddf9023206dc40974c26f589ee2ad63a4227a1e;2018-12-01 14:36:00;ctruta
0e13545712dc39db5689452ff3299992fc0a8377;2018-12-01 14:36:00;ctruta
6a94d14567c52474b46e617a7c56dadf4d2d9b52;2018-12-30 17:00:41;ctruta
43b414183963929e35fc7e92796b0ae0fb6d7a97;2018-12-30 18:34:15;ctruta
fef895aa28ed8af2385608959d7f3dac76da83fc;2019-01-20 00:01:19;ctruta
0a882b57876776ab7c46f13cf170b8d376036a6a;2019-01-21 03:21:48;ctruta
70d122aac42933ab8a708c538f973c3307853212;2019-02-04 00:51:18;ctruta
8439534daa1d3a5705ba92e653eda9251246dd61;2019-02-04 02:00:49;ctruta
9c0d5c77bf5bf2d7c1e11f388de40a70e0191550;2019-02-04 03:40:56;ctruta
82ae623ec9bc3cb5c68aad22596a766e86d593b7;2019-03-31 13:44:45;ctruta
a627bd26a375f5c41d54f90a47c838157d1bec97;2019-04-07 23:50:12;ctruta
1f0221fad7e7888ada87eda511dcbfd701de7d21;2018-08-05 23:40:09;ctruta
dcefbc7dcd615e866b80342c3b014be00376121c;2018-08-06 01:44:11;ctruta
3f0f1d5579c8744ab49ab333aa95f1f319f77c63;2018-08-06 01:49:57;ctruta
3342fafa608055bedc249fe660973c2505fd81e2;2018-11-25 23:12:50;ctruta
62a56d4fcc3e6d818c471a68347059c4483c0178;2019-01-23 14:05:54;wwwillem
27e8b99287ea2aa76c1ba5de3316cee5ef937b78;2019-04-11 02:23:25;ctruta
8da8257d0bd9db65c602d917a2f24a3cdf251adb;2019-04-12 08:51:28;ojeda
a40189cf881e9f0db80511c382292a5604c3c3d1;2019-04-14 18:10:32;ctruta
5df8e982e2bad2af7da5ecf689219ca89296c56d;2019-04-14 18:10:32;ctruta
72fa126446460347a504f3d9b90f24aed1365595;2019-04-21 04:30:14;ctruta
cdbb8ec7aaf7baa8316f1c641c3e56e889625212;2019-04-23 03:00:58;ctruta
b9e811fa99d98ee1d259ca9d7fcb221fe828ad73;2019-04-23 03:00:58;ctruta
216387f6f7ee043df24a84ab2dc53d2827148b5e;2019-04-23 03:56:57;ctruta
386707c6d19b974ca2e3db7f5c61873813c6fe44;2019-04-16 16:51:06;rvandermeulen
301f7a14295a3bdfaf406dbb5004d0784dc137ea;2018-11-12 17:47:32;christhompson
