dacap;2;2;5;2;2;26;3;3;2;2;2;2;4;3;2;2;2;4;14;5;2;9;4;3;2;3;2;3;2;2;3;4;3;3;2;5;3;2;2;4;4;3;3;2;2;2;2;3;2;4;2;4;3;4;3;3;3;2;3;3;3;3;3;2;3;3;6;2;3;3;4;3;2;2;3;3;3;3;3;2;2;5;24;2;2;3;2;5;3;3;3;2;2;2;2;2;2;2;3;3;3;2;2;4;4;3;3;4;3;6;2;4;3;4;7;3;2;2;2;5;2;2;2;2;2;2;3;4;3;2;2;3;7;2;3;2;2;4;3;4;3;2;2;2;5;3;3;3;2;3;4;3;3;20;2;3;2;3;2;9;2;6;2;2;5;2;2;4;6;6;5;3;2;3;4;3;2;3;2;2;4;14;5;2;6;5;2;3;4;3;3;3;3;3;11;2;3;3;2;2;2;6;3;3;3;4;4;3;4;4;2;4;5;2;5;12;22;2;3;9;5;6;11;2;3;2;4;5;10;3;2;2;7;4;4;2;3;2;5;2;2;4;2;3;3;4;8;2;3;6;4;3;2;2;3;2;2;2;3;19;2;7;4;3;3;2;5;4;2;3;2;2;4;5;5;2;10;2;13;4;2;3;2;12;2;2;4;2;2;2;3;4;2;2;4;2;3;2;3;3;2;2;4;2;2;13;2;2;6;3;2;3;3;2;4;2;2;8;5;3;2;3;5;4;3;3;3;2;4;2;4;3;4;6;3;4;5;2;3;4;4;2;3;10;5;3;2;1973;0.5306639635073492
msisinni;3;1965;4;0.5
Mailaender;14;83;518;49;1284;666;0.009009009009009009
hasufell;1900;1;1.0
jjconti;1881;1;1.0
gitter-badger;1856;1;1.0
whitingjp;1840;1;1.0
manuq;1813;1;1.0
blackmiaool;68;2;1717;71;0.04225352112676056
aisamanra;1767;1;1.0
msiedlarek;1752;1;1.0
agateau;10;4;4;1706;19;0.21052631578947367
rautesamtr;177;4;2;3;8;8;9;3;1380;218;0.05504587155963303
greenbigfrog;1593;1;1.0
Fojar;36;1541;37;0.05405405405405406
ripesunflower;1533;1;1.0
TheKK;20;2;3;5;6;13;1474;51;0.1568627450980392
tony;2;139;1359;144;0.034722222222222224
fabioarnold;1424;1;1.0
Kirozen;1412;1;1.0
HunterNN;1391;1;1.0
winterheart;3;2;18;4;3;49;170;19;16;24;130;146;806;585;0.022222222222222223
zed9h;7;4;10;9;3;63;2;1191;100;0.09
klw0;1179;1;1.0
robinjam;1108;1;1.0
mooviies;1006;1;1.0
robotron2084;953;1;1.0
cebolan;869;1;1.0
SagePtr;760;1;1.0
yuxshao;7;692;8;0.25
Gasparoken;7;13;21;7;21;15;21;6;7;14;6;4;10;42;18;14;2;21;32;7;2;12;13;29;20;4;14;11;14;3;2;35;15;3;2;42;15;7;5;4;2;89;554;0.09566787003610108
DexterIV;579;1;1.0
CabWoes;534;1;1.0
dncampo;38;23;14;13;43;299;133;0.05263157894736842
SupSuper;57;5;310;63;0.047619047619047616
ayuusweetfish;5;84;209;92;0.05434782608695652
CDNRae;292;1;1.0
SHADOWELITE7;142;1;1.0
d-frey;2;2;8;5;21;11;2;3;2;4;23;5;26;12;6;2;19;5;3;7;17;10;2;3;3;7;3;4;2;12;36;5;7;3;2;2;7;2;4;8;2;2;4;2;5;20;11;3;3;5;4;2;2;9;5;3;12;4;2;3;2;3;2;6;22;86;2;6;6;4;13;6;2;2;4;10;5;9;2;19;4;37;6;3;3;15;23;5;22;14;4;2;14;65;885;0.23163841807909605
ColinH;6;34;102;2;7;62;6;2;3;2;2;3;4;2;5;4;93;37;2;2;3;33;6;2;3;2;3;3;4;4;2;6;7;10;3;3;65;8;29;7;8;2;4;21;2;2;41;2;34;6;2;2;3;3;2;47;24;4;16;2;6;3;24;18;8;3;939;0.14376996805111822
je4d;932;1;1.0
uilianries;12;565;13;0.15384615384615385
matbech;336;191;337;0.005934718100890208
mallexxx;3;443;4;0.5
mtklein;2;3;2;2;3;3;6;2;3;3;11;7;3;2;4;3;3;2;2;4;2;2;2;4;2;5;3;3;4;3;2;2;3;6;3;2;19;3;11;2;3;3;2;3;14;3;3;3;2;3;3;2;3;3;3;3;3;3;2;4;4;2;3;6;3;2;4;9;5;2;2;2;2;2;2;4;2;3;3;4;3;2;2;3;3;3;2;2;3;3;4;4;2;3;2;4;2;3;3;4;3;3;16;2;2;4;4;3;5;4;2;3;3;4;2;2;3;2;3;2;5;2;4;3;5;2;3;2;2;11;3;4;3;2;10;2;4;2;7;5;2;5;2;3;2;4;4;7;2;3;8;3;2;3;6;4;4;7;2;3;2;4;2;5;4;3;3;4;6;4;7;13;2;10;3;2;4;5;4;3;3;3;2;4;3;2;2;3;2;2;3;5;2;4;3;3;4;4;5;5;4;6;8;7;5;2;6;6;5;4;2;3;3;2;3;2;4;3;14;2;3;3;5;2;3;3;4;2;4;7;3;2;3;2;3;4;3;2;7;3;16;6;6;3;7;3;2;4;4;3;3;5;11;5;4;11;2;3;4;1541;0.526930564568462
jbowler;7;46;12;7;3;6;2;38;22;2;28;87;3;4;2;18;9;19;140;918;462;0.05627705627705628
tnikkel;1326;1;1.0
mattsarett;8;4;2;3;4;7;5;3;21;3;4;4;2;3;2;3;2;2;3;2;3;7;2;3;6;3;3;2;4;12;2;3;3;3;3;3;4;4;2;3;2;4;2;4;5;2;11;2;3;4;3;4;3;2;3;3;3;3;3;2;4;2;6;2;5;6;2;2;2;3;3;3;2;3;2;6;5;2;4;4;2;3;11;2;3;2;4;3;5;3;2;3;4;2;4;2;2;2;2;5;4;3;4;3;2;3;2;3;3;3;2;4;3;4;10;3;2;945;597;0.48911222780569513
mandar-sahastrabuddhe;1233;2;1.0
dooglz;1108;1;1.0
RomeroMalaquias;1090;1;1.0
vszakats;3;54;963;60;0.08333333333333333
starseeker;894;1;1.0
eworm-de;870;1;1.0
bkuhls;865;1;1.0
kcc;9;690;862;700;0.004285714285714286
glennrp;862;1;1.0
ioquatix;64;797;65;0.03076923076923077
vadz;793;1;1.0
luzpaz;116;589;117;0.017094017094017096
taigacon;681;1;1.0
ctruta;14;14;12;6;4;2;5;16;63;12;7;5;29;21;14;55;7;4;3;7;2;267;310;0.0935483870967742
endrift;547;1;1.0
ccawley2011;533;1;1.0
zzzzRuby;514;1;1.0
richard-townsend-arm;720;1;1.0
kbentley;418;1;1.0
wwwillem;357;1;1.0
ojeda;278;1;1.0
rvandermeulen;274;1;1.0
christhompson;429;1;1.0
Lyutria;829;1;1.0
el-falso;817;1;1.0
bagder;4;2;2;2;3;3;2;3;2;2;3;2;2;2;3;2;2;4;3;13;2;133;0.6917293233082706
cnotin;129;1;1.0
jay;384;137;25;4;20;17;8;7;2;4;6;4;2;9;3;6;2;2;8;2;2;3;2;661;0.039334341906202726
bwalle;126;1;1.0
Zenju;2;6;5;112;15;0.3333333333333333
nmussy;125;1;1.0
gvollant;125;1;1.0
kdudka;126;1;1.0
ghedo;123;1;1.0
pauldreik;31;32;75;5;3;6;4;51;53;210;0.05238095238095238
cmb69;121;1;1.0
mkauf;119;1;1.0
jfinkhaeuser;118;1;1.0
tatsuhiro-t;116;1;1.0
MarcelRaad;162;2;6;12;2;2;2;10;23;4;5;4;25;3;5;4;274;0.08029197080291971
JDepooter;115;1;1.0
tunetheweb;115;1;1.0
LPardue;3;110;4;0.5
monnerat;157;1;1.0
samm-git;114;1;1.0
spezifant;111;1;1.0
achasveachas;111;1;1.0
jzinn;111;1;1.0
emilengler;85;22;86;0.023255813953488372
stain;12;91;13;0.15384615384615385
pbomta;103;1;1.0
nico-abram;102;1;1.0
dfandrich;8;57;3;30;70;0.07142857142857142
janisozaur;6;9;10;6;3;54;35;0.17142857142857143
frivard-coveo;84;1;1.0
jblazquez;19;60;21;0.14285714285714285
trivikr;78;1;1.0
bgK;74;1;1.0
vilhelmprytz;76;1;1.0
iamleot;70;1;1.0
wyattoday;70;1;1.0
MonkeybreadSoftware;295;1;1.0
fantuz;68;1;1.0
r-a-sattarov;67;1;1.0
Myriachan;63;1;1.0
afalkenhahn;60;1;1.0
ngg;59;1;1.0
vmagierski;57;1;1.0
xiaoyinl;53;1;1.0
michaelforney;43;25;44;0.045454545454545456
jpschroeder;50;1;1.0
davidben;29;22;84;241;461;232;49;1071;0.007469654528478058
danielgustafsson;48;1;1.0
captain-caveman2k;252;1;1.0
Lekensteyn;4;46;5;0.4
mhasbini;40;1;1.0
mback2k;242;1;1.0
xiaoxiang781216;22;1;1.0
marc-groundctl;20;13;21;0.09523809523809523
faizur;21;1;1.0
nicoguillier;5;1;1.0
DanAlbert;1170;1;1.0
BillyDonahue;45;36;8;17;9;65;5;4;4;2;5;19;12;643;14;278;892;0.021300448430493273
delaitre;1169;1;1.0
edgarriba;1166;1;1.0
bartshappee;1164;1;1.0
srz-zumix;83;564;513;648;0.004629629629629629
sjg20;1133;1;1.0
klimkin;1128;1;1.0
craigscott-crascit;25;1475;26;0.07692307692307693
nicolacavallini;1118;1;1.0
mbjorge;1100;1;1.0
dawikur;1073;1;1.0
zeitounator;1066;1;1.0
vpfautz;1053;1;1.0
dankegel;1049;1;1.0
danilcha;1039;2;1.0
frosteyes;148;867;149;0.013422818791946308
gennadiycivil;16;69;5;4;3;2;2;2;4;4;2;3;5;2;10;13;2;2;4;5;8;24;4;3;2;4;3;2;11;2;2;2;3;3;3;6;3;2;2;7;3;3;2;5;3;2;3;2;4;3;2;6;6;6;4;11;9;3;6;2;26;4;3;3;2;3;3;2;3;4;5;6;3;4;2;3;5;3;5;11;5;5;7;6;3;4;6;5;3;2;3;9;2;3;4;7;7;3;8;15;5;2;4;2;2;3;3;6;8;3;4;10;4;5;4;3;4;4;3;2;3;5;21;11;2;3;8;3;7;15;14;2;4;4;2;6;4;7;21;2;14;40;949;0.3203371970495258
pwnall;103;107;72;9;4;43;3;13;632;355;0.02535211267605634
krytarowski;195;789;196;0.01020408163265306
nico;27;30;468;123;381;133;10;6;188;133;1368;0.00804093567251462
lipk;960;1;1.0
jorgelhb;951;1;1.0
tanzislam;63;16;74;42;64;27;34;8;80;16;516;425;0.02588235294117647
chromy;940;1;1.0
zulkarnine;7;16;913;27;0.2222222222222222
Chris-Sharpe;938;1;1.0
scottslacksmith;147;782;148;0.013513513513513514
coryan;154;3;2;3;12;11;54;234;25;28;2;24;36;12;13;27;9;23;28;40;23;8;26;23;25;22;7;41;4;5;924;0.0367965367965368
chehsunliu;43;17;867;61;0.04918032786885246
nyibbang;924;1;1.0
krizalys;1284;1;1.0
Manozco;895;1;1.0
joelypoley;895;1;1.0
aconverse;1009;1;1.0
shlomif;1106;1;1.0
eduherminio;888;2;1.0
Dani-Hub;11;875;15;0.3333333333333333
mwoehlke-kitware;7;882;8;0.25
alyssawilk;6;12;870;19;0.15789473684210525
joshbodily;6;118;764;125;0.024
SoapGentoo;384;398;102;783;0.0038314176245210726
ShadowIce;22;3;877;26;0.11538461538461539
qzmfranklin;45;879;47;0.06382978723404255
henryiii;230;94;7;32;516;365;0.01643835616438356
romkatv;876;1;1.0
KindDragon;194;241;35;75;10;54;199;114;49;22;427;996;0.013052208835341365
brian-peloton;1275;1;1.0
sgraham;177;63;5;9;286;4;25;45;16;3;32;33;14;5;7;2;55;13;7;30;34;836;0.029904306220095694
LebedevRI;206;7;17;5;5;67;4;20;2;160;21;596;516;0.025193798449612403
sheepmaster;6;574;187;674;768;0.005208333333333333
gaspardpetit;860;1;1.0
stkhapugin;859;2;1.0
yursha;3;854;5;0.6
DarthGandalf;155;711;156;0.01282051282051282
ly2048;852;2;1.0
bkircher;851;1;1.0
jwakely;278;147;518;175;944;0.00423728813559322
joealam;830;1;1.0
DariuszOstolski;823;1;1.0
m-gupta;8;812;9;0.2222222222222222
Romain-Geissler;407;281;493;689;0.0043541364296081275
bryanzim;3;23;14;2;3;4;5;756;55;0.14545454545454545
whame;799;1;1.0
sam-lunt;779;1;1.0
Burgch;36;31;186;516;254;0.015748031496062992
wmamrak;255;769;256;0.0078125
gpakosz;930;407;931;0.0021482277121374865
sbenzaquen;742;1;1.0
rongjiecomputer;187;27;524;215;0.013953488372093023
ted-xp;727;2;1.0
pcc;13;172;253;3;138;153;581;0.012048192771084338
stefanosoffia;55;720;56;0.03571428571428571
lidaobing;719;1;1.0
tholsapp;706;1;1.0
aleksejkozin;692;1;1.0
AndersSundman;691;1;1.0
dneto0;227;461;228;0.008771929824561403
zhangxy988;687;1;1.0
petrhosek;170;3;29;321;335;524;0.009541984732824428
leissa;656;3;1.0
fo40225;651;1;1.0
dnsunderland;636;2;1.0
Steelskin;8;20;7;365;222;403;0.017369727047146403
jaeheonlee;2;616;3;0.6666666666666666
jdennett;10;604;11;0.18181818181818182
atetubou;2;580;3;0.6666666666666666
rohanjoyce;587;1;1.0
tisi1988;15;11;9;6;2;5;519;49;0.14285714285714285
duxiuxing;18;2;545;21;0.14285714285714285
m-tmatma;55;3;543;60;0.06666666666666667
medithe;29;22;9;4;8;483;73;0.0821917808219178
derekmauro;2;552;3;0.6666666666666666
AdrianMoranMontes;551;3;1.0
hckr;548;1;1.0
syohex;164;88;295;253;0.011857707509881422
stianval;543;1;1.0
einsteinsfool;539;1;1.0
ppaulweber;545;1;1.0
happyCoder92;524;1;1.0
2power10;520;1;1.0
eliasdaler;3;517;4;0.5
invalid-email-address;9;3;6;9;4;3;5;9;4;7;6;3;3;9;5;2;2;13;8;2;2;7;7;3;2;3;4;5;10;2;2;12;6;2;4;14;3;10;2;11;2;4;11;5;21;7;12;23;5;2;8;4;2;4;2;3;3;4;3;5;8;3;8;5;7;6;6;3;5;2;5;3;10;2;3;6;3;6;6;7;4;8;2;6;513;0.24366471734892786
vadimberezniker;516;1;1.0
vkotovv;513;1;1.0
dakotahawkins;30;510;31;0.06451612903225806
jacobschloss;29;482;30;0.06666666666666667
wfvining;509;1;1.0
DavidSchuldenfrei;506;1;1.0
BlueMonday;504;1;1.0
dsacre;728;511;729;0.0027434842249657062
asiplas;498;1;1.0
gdsotirov;490;1;1.0
anthraxx;490;1;1.0
Jonny007-MKD;3;5;479;11;0.45454545454545453
Peter-Levine;263;225;264;0.007575757575757576
matlo607;6;8;470;16;0.25
zach2good;478;1;1.0
suertreus;26;23;12;350;2;61;415;0.016867469879518072
marbub;470;1;1.0
1camper;469;1;1.0
eisoku9618;464;1;1.0
spartucus;462;1;1.0
theryee;5;461;6;0.3333333333333333
fandjelo;461;1;1.0
adierking;461;1;1.0
komh;461;1;1.0
rwoldberg;460;1;1.0
BrukerJWD;456;1;1.0
kakkoko;455;1;1.0
svg153;449;1;1.0
goatshriek;448;1;1.0
peterjc123;448;1;1.0
jeffvandyke;448;1;1.0
barkovv;444;1;1.0
akonradi;443;1;1.0
benjamincarman;440;1;1.0
tweenk;405;30;406;0.0049261083743842365
robinlinden;431;1;1.0
coppered;428;1;1.0
siddhanjay;408;1;1.0
ciband;7;6;8;5;2;25;4;203;39;3;4;93;314;0.06050955414012739
cotsog;2;399;3;0.6666666666666666
justin6case;390;1;1.0
machida-mn;384;1;1.0
enptfb55;374;1;1.0
samolisov;8;358;9;0.2222222222222222
mathbunnyru;362;1;1.0
acozzette;356;1;1.0
KellyWalker;350;1;1.0
ahedberg;350;1;1.0
Billy4195;349;1;1.0
MaEtUgR;345;1;1.0
ngie-eign;31;6;2;11;4;22;27;24;240;128;0.0703125
keiichiw;344;1;1.0
dspinellis;330;1;1.0
rsinnet;324;1;1.0
CarloWood;320;1;1.0
twam;306;1;1.0
mthenault;300;1;1.0
Ivaylo-Kirov;283;1;1.0
rongou;2;279;3;0.6666666666666666
return;278;2;1.0
SylvestreG;264;1;1.0
daquexian;258;1;1.0
741g;238;1;1.0
mbrobbel;232;1;1.0
kalaxy;230;1;1.0
goudan-er;223;1;1.0
discopt;217;1;1.0
tomalakgeretkal;216;1;1.0
PhilLab;10;2;34;177;47;0.0851063829787234
rmstar;210;1;1.0
cclauss;198;1;1.0
sam0109;189;1;1.0
kuzkry;4;5;7;2;4;5;3;8;5;5;3;3;6;25;22;3;6;3;3;5;5;49;142;0.21830985915492956
adambadura;31;157;32;0.0625
RosieBaish;181;1;1.0
chris-baish;180;1;1.0
Jauler;176;1;1.0
anttsov;168;2;1.0
guillemglez;167;1;1.0
pitrou;162;1;1.0
CJ-Johnson;131;132;30;264;0.011363636363636364
Yannic;161;1;1.0
IYP-Programer-Yeah;125;1;1.0
shaindelschwartz;125;1;1.0
peterbarker;153;1;1.0
hyukmyeong;106;1;1.0
thejcannon;3;12;84;17;0.23529411764705882
zebmason;98;1;1.0
roblub;98;1;1.0
asoffer;78;13;79;0.02531645569620253
snarkmaster;90;1;1.0
Sinclair-John;89;1;1.0
PiotrNycz;82;4;1.0
vslashg;2;4;3;75;10;0.4
hermas55;79;1;1.0
Youw;143;252;162;397;0.010075566750629723
ienorand;88;1;1.0
bgianfo;60;1;1.0
xieyubo;60;1;1.0
ChristophStrehle;55;1;1.0
maximilianschwab;51;1;1.0
matepek;51;1;1.0
rogeeff;49;2;1.0
oyefremov;49;1;1.0
mbxx;3;40;5;0.6
Kravlalala;33;1;1.0
mattcalabrese-google;33;1;1.0
ShabbyX;6;30;7;0.2857142857142857
trzecieu;3;26;4;0.5
bysreg;2;2;1.0
nwellnhof;22;292;26;4;300;221;264;3;1130;0.007079646017699115
MathieuDuponchelle;4;1117;5;0.4
jgm;4;13;73;45;12;3;19;2;4;2;12;2;12;7;6;36;26;8;15;10;2;127;20;57;38;37;10;4;4;20;4;24;12;10;24;90;3;3;3;5;2;15;174;28;17;21;2;15;5;5;1106;0.06148282097649186
juhp;1074;1;1.0
tindzk;975;1;1.0
kapyshin;78;896;79;0.02531645569620253
philipturnbull;3;9;225;698;239;0.02092050209205021
kivikakk;5;23;340;119;7;420;498;0.018072289156626505
pclouds;2;895;3;0.6666666666666666
mity;882;1;1.0
vmg;860;1;1.0
compnerd;473;4;9;11;487;0.008213552361396304
felixonmars;464;1;1.0
elibarzilay;427;1;1.0
foonathan;40;10;3;14;246;105;84;180;303;683;0.013177159590043924
JerwuQu;267;1;1.0
ericpruitt;231;1;1.0
JohelEGP;228;1;1.0
oyvholm;194;1;1.0
RowanFuture;105;1;1.0
Risca;1268;1;1.0
avih;768;122;769;0.002600780234070221
ccxvii;1234;5;7;14;2;12;7;50;8;18;25;10;3;4;89;2;6;5;7;14;10;7;579;1545;0.018122977346278317
sebras;554;570;316;1125;0.0026666666666666666
lemzwerg;2;2;2;2;2;2;2;2;2;2;2;3;5;4;3;2;2;2;3;18;6;7;2;4;2;5;3;7;4;6;3;5;2;3;6;4;14;10;2;9;4;3;6;3;2;4;3;5;4;7;2;2;2;2;7;3;9;3;3;3;5;3;2;5;2;7;7;2;7;3;3;8;4;9;4;7;12;2;5;2;3;2;2;2;2;2;3;3;2;2;7;4;2;3;3;2;2;2;4;2;2;2;2;2;4;14;3;2;2;3;3;3;2;7;3;2;2;4;2;2;3;6;2;4;13;6;4;3;2;2;6;13;4;2;2;2;4;2;3;2;2;43;3;6;2;7;2;7;2;2;3;18;10;11;12;2;2;3;5;9;2;6;2;2;5;5;2;3;4;5;5;5;2;2;8;2;3;2;2;3;6;2;7;4;3;2;4;2;2;2;2;2;2;2;2;2;2;3;2;3;4;7;4;3;7;3;6;3;8;3;25;6;13;4;24;15;10;4;2;2;8;2;8;4;16;3;3;2;3;2;3;9;2;3;2;2;3;5;2;6;11;3;3;3;12;3;8;24;20;5;2;2;12;8;3;3;3;2;2;12;3;29;10;2;8;3;18;11;1564;0.3516624040920716
HinTak;17;300;268;26;60;378;540;1050;0.006666666666666667
apodtele;4;5;4;49;3;43;5;3;25;19;8;2;2;2;3;14;3;23;2;13;6;9;4;6;2;2;2;3;3;3;29;5;11;3;2;2;2;4;3;3;8;8;13;12;84;3;2;7;11;8;2;11;23;2;13;3;2;23;5;29;4;9;3;3;33;5;4;8;12;2;5;3;2;3;15;4;2;11;5;40;17;7;2;5;2;3;11;51;11;8;4;3;24;2;2;5;6;3;4;3;2;5;11;26;4;8;2;2;2;14;3;14;2;2;3;29;4;2;3;8;8;2;5;3;34;93;12;2;3;3;3;2;12;11;4;6;7;3;4;27;62;2;4;10;96;1476;0.13617886178861788
mpsuzuki;232;52;2;426;4;51;152;30;236;385;1187;0.009267059814658803
StudioEtrange;1548;1;1.0
davearnold;411;9;92;1034;514;0.009727626459143969
madig;25;61;111;13;46;134;80;2;91;75;102;116;28;25;5;34;237;278;69;1467;0.014996591683708248
d1saster;1529;1;1.0
behdad;122;38;89;2;21;89;180;91;14;60;87;683;53;1477;0.008801624915368992
heftig;748;779;749;0.0026702269692923898
glyphandcog;1457;1;1.0
jfkthame;383;84;759;468;0.00641025641025641
OleksandrChekhovskyi;1140;1;1.0
drott;46;132;918;50;42;12;8;13;16;1222;0.007364975450081833
roytam1;983;1;1.0
tonytheodore;54;885;55;0.03636363636363636
Azzuro;856;1;1.0
jtytgat;15;343;128;264;98;751;0.006657789613848202
ewaldhew;3;14;4;5;32;33;13;3;735;109;0.09174311926605505
vlad902;138;310;14;128;3;13;2;26;126;26;766;0.0195822454308094
matthiasclasen;758;1;1.0
ssrobins;735;1;1.0
hughmcmaster;651;28;652;0.003067484662576687
fanc999-1;1210;506;175;1717;0.0017472335468841002
ksvskushal;663;1;1.0
Ankit-Dhankhar;640;1;1.0
alanc;615;1;1.0
parthw1;26;588;27;0.07407407407407407
ShaoYuZhang;612;1;1.0
nikramakrishnan;10;12;53;14;8;2;85;31;62;84;5;12;5;2;5;4;2;4;2;6;3;2;11;7;9;3;4;29;102;15;586;0.06313993174061433
cherusker;4;14;29;4;22;18;10;73;91;38;237;53;543;0.02578268876611418
senderghost;590;1;1.0
jeffreyrcarey;562;1;1.0
Yoha-test;33;55;429;89;0.033707865168539325
slmistry;439;1;1.0
chris-liddell;43;176;195;220;0.013636363636363636
winksaville;346;333;348;0.008620689655172414
Akaricchi;314;1;1.0
anntzer;284;1;1.0
logiclrd;275;1;1.0
gongminmin;275;1;1.0
prrace;222;1;1.0
moazin;218;1;1.0
wwy9;177;1;1.0
filmil;87;1;1.0
oceanhahn;1394;1;1.0
Wei-1;168;1;1.0
chongx1an;538;1;1.0
kraineff;364;1;1.0
Inky1003;122;1;1.0
farvardin;105;1;1.0
rphilli;4;2;3;2;3;2;4;6;2;3;5;18;2;6;6;3;3;2;4;7;5;3;5;5;3;3;3;2;2;2;4;3;2;2;4;4;3;2;3;17;4;2;5;2;2;3;5;3;2;3;2;4;4;3;5;5;4;2;5;3;7;2;4;7;2;5;3;4;3;3;3;3;7;3;2;4;3;16;3;4;4;3;2;3;4;3;2;3;5;4;3;3;4;3;2;3;2;3;2;4;2;4;2;3;2;4;4;3;2;3;3;3;3;2;2;10;5;2;3;3;4;4;7;4;4;5;5;7;3;2;4;6;2;7;3;6;3;3;10;3;8;26;2;6;3;6;3;2;4;5;2;3;4;3;2;3;3;3;5;3;2;3;2;2;4;3;2;2;6;5;6;7;5;4;3;4;6;3;6;5;3;5;3;4;4;6;3;2;4;5;3;67;2;14;4;2;5;9;4;2;3;4;7;3;2;3;2;3;3;5;3;3;2;5;2;3;2;3;4;2;4;3;5;3;3;4;4;6;5;4;3;2;3;4;2;3;4;9;4;2;5;6;3;4;2;4;4;2;5;4;3;3;4;3;2;2;2;7;4;2;3;17;4;1541;0.4555483452303699
HalCanary;3;3;3;2;3;3;4;2;2;6;6;4;7;15;6;8;7;6;5;3;4;7;5;2;2;2;3;2;3;3;3;4;3;3;3;6;3;3;8;3;2;5;2;5;6;9;6;6;4;3;10;2;5;3;3;4;3;4;2;3;3;2;3;2;13;3;8;2;3;2;3;2;3;8;7;6;2;3;8;9;4;6;11;2;3;4;3;3;4;4;2;3;4;2;4;13;2;2;4;6;2;6;9;3;6;3;4;2;2;10;6;3;2;4;3;2;5;5;6;31;38;6;2;2;5;7;15;5;6;7;3;4;3;3;3;2;12;3;3;4;4;2;3;3;3;2;3;3;3;5;7;4;6;4;4;4;6;2;5;10;3;22;4;6;2;11;7;2;12;4;3;3;7;8;2;4;7;3;3;2;7;3;2;2;2;4;2;5;2;3;3;3;2;4;2;2;3;2;3;7;4;3;2;4;6;6;5;5;2;3;3;2;2;4;6;2;3;3;2;4;2;3;3;8;3;3;11;3;7;4;2;2;2;3;15;2;4;2;5;12;3;6;6;3;2;3;5;3;3;2;4;4;3;4;4;5;3;4;2;7;4;9;4;3;2;4;2;2;4;2;6;3;11;3;3;4;7;12;2;4;1541;0.3530175210902012
herbderby;10;3;2;6;2;4;7;6;2;7;20;3;11;26;2;7;3;3;12;4;6;2;7;4;2;3;4;7;7;3;2;4;3;4;3;4;12;17;2;7;10;16;30;20;28;3;4;2;3;18;4;5;2;13;8;2;5;3;2;3;6;3;3;5;3;3;3;8;3;7;14;3;4;8;5;2;4;3;4;9;4;23;17;30;3;7;9;6;7;6;5;2;12;7;2;13;6;6;4;9;2;5;4;2;5;15;5;8;5;3;7;5;9;6;5;5;2;3;2;4;3;6;2;2;8;4;3;4;3;2;5;2;2;3;5;3;3;11;2;3;14;3;3;3;2;2;3;11;3;5;2;4;4;2;2;5;3;3;3;2;5;4;3;3;3;3;10;3;3;2;3;13;3;2;4;2;6;5;2;4;3;4;3;3;7;2;3;9;10;2;5;2;5;14;3;8;5;3;3;2;4;3;3;4;36;7;3;4;12;3;6;4;2;5;7;2;5;2;2;3;3;2;4;3;3;2;6;2;2;3;2;5;3;6;3;5;1537;0.30448926480156147
SenorBlanco;3;2;5;15;9;2;2;8;19;5;6;2;5;2;4;2;13;20;2;6;5;2;8;4;3;3;6;3;5;9;12;13;5;2;34;9;26;12;36;5;83;5;2;4;11;3;4;3;7;2;4;2;4;2;4;6;14;37;2;20;12;2;3;16;48;2;5;117;16;5;2;12;64;6;31;14;4;3;3;2;4;3;5;8;6;13;4;9;62;238;7;3;7;5;6;20;7;3;4;3;2;4;3;4;5;2;3;12;2;18;13;3;2;4;2;4;6;22;42;1500;0.11333333333333333
kkinnunen;7;13;3;2;5;3;4;3;4;3;6;7;2;7;4;7;23;8;6;27;21;3;4;4;14;13;1324;217;0.18433179723502305
bsalomon;3;4;4;2;2;7;2;3;4;3;15;2;3;5;2;3;2;2;2;2;4;3;3;3;2;3;7;3;2;2;2;2;3;5;12;2;3;2;2;4;3;4;5;2;5;2;3;5;3;2;4;2;2;12;4;3;2;3;5;4;3;3;3;2;3;2;6;2;4;2;6;5;3;2;3;3;5;4;3;4;6;6;2;2;2;4;3;2;3;2;2;3;3;4;3;4;3;2;3;3;3;2;14;3;4;4;2;3;3;5;2;3;3;2;6;12;4;2;3;3;6;2;5;3;2;4;2;6;3;4;5;16;2;2;3;6;3;4;5;2;2;6;3;3;2;4;11;2;3;3;5;5;3;2;2;2;4;2;4;2;4;5;2;4;4;2;10;2;6;3;3;2;2;2;3;2;3;3;3;4;2;2;2;10;2;3;6;7;4;2;6;2;3;3;13;3;4;2;3;2;4;5;3;5;7;3;2;4;14;2;3;5;4;2;3;3;20;3;2;7;3;4;2;6;5;4;2;4;3;3;3;2;3;2;4;6;2;3;12;2;3;2;2;3;3;5;2;2;6;3;2;4;2;4;5;2;3;2;4;3;2;2;3;2;6;4;4;5;2;3;2;3;18;3;6;4;4;7;4;5;2;4;2;4;7;3;4;2;2;3;1540;0.4779220779220779
egdaniel;4;3;2;2;5;3;7;2;36;5;2;5;13;6;12;3;4;2;4;3;6;3;4;2;4;3;6;5;4;6;3;10;15;2;3;2;5;3;2;5;6;2;5;4;6;5;3;2;6;3;2;2;5;5;5;5;6;3;5;2;4;9;3;2;14;4;6;13;7;18;14;3;6;8;7;8;6;6;2;5;5;3;6;4;5;4;4;4;2;3;3;4;3;5;5;2;2;4;3;2;5;3;5;6;4;2;4;3;3;2;3;10;6;7;4;17;2;3;3;3;4;2;4;2;4;6;3;7;4;3;6;5;2;14;4;2;4;2;3;5;2;3;2;3;5;2;2;3;2;4;3;13;2;3;2;2;2;2;3;6;3;2;11;2;4;6;4;3;2;3;4;9;7;4;8;3;2;2;11;4;6;2;3;2;13;2;4;2;3;2;3;18;3;3;2;4;7;2;3;4;4;3;7;6;3;20;2;3;6;2;6;3;4;3;2;12;4;2;5;6;2;3;2;3;3;4;9;4;2;5;2;5;7;4;3;4;2;5;6;4;7;3;2;3;3;2;3;4;2;4;2;3;14;3;3;6;4;6;6;2;4;4;7;5;6;2;5;3;2;14;5;6;1540;0.35064935064935066
LeonScroggins;6;8;5;6;7;2;3;2;5;2;17;2;4;8;2;5;3;4;2;5;2;6;29;10;8;2;5;2;17;3;4;3;7;3;2;13;86;24;7;5;3;6;21;3;2;3;3;2;20;7;5;3;3;3;14;7;18;24;4;5;3;3;7;3;4;14;8;4;2;5;17;6;4;2;3;2;21;5;4;8;6;16;5;4;3;11;12;9;5;2;13;3;13;16;8;2;2;2;3;4;14;2;6;6;4;7;2;34;18;15;6;26;38;17;2;3;8;20;3;6;8;5;2;4;2;5;6;6;2;4;9;6;3;3;2;4;21;2;8;11;5;3;5;3;6;3;2;5;18;10;14;84;3;27;7;8;6;26;55;2;20;36;1505;0.1647840531561462
joshualitt;6;4;2;4;3;7;2;2;3;4;2;10;8;3;4;2;3;2;5;2;4;5;5;3;4;1405;136;0.45588235294117646
pkasting;1539;1;1.0
fmalita;4;7;8;2;8;2;6;2;4;2;17;3;4;8;2;3;3;2;5;2;6;5;4;4;2;3;5;2;2;14;7;6;20;12;4;36;8;3;8;5;4;2;3;5;2;3;8;7;3;2;9;3;2;6;2;3;4;6;4;4;4;5;2;8;2;2;4;2;3;16;7;7;6;2;2;2;5;4;3;18;2;9;14;11;9;3;4;2;5;2;6;4;4;9;3;4;4;4;2;2;3;4;4;2;2;2;3;2;3;3;2;4;12;9;2;18;5;5;2;2;2;3;2;2;6;3;3;6;3;10;8;5;3;2;2;2;4;3;2;4;2;6;3;2;10;2;4;3;6;12;5;2;3;2;2;6;4;3;3;4;6;2;2;3;5;2;2;3;3;8;3;6;2;3;3;7;3;2;3;4;2;3;2;3;4;2;7;6;2;4;2;5;2;4;2;5;14;2;12;7;3;9;7;13;2;3;2;6;4;9;4;2;2;3;3;2;3;4;2;5;6;3;3;5;9;5;3;5;14;2;2;4;2;3;2;3;2;3;2;4;6;2;2;2;3;2;2;2;2;3;8;6;4;2;5;8;11;2;4;3;5;7;3;5;6;9;4;6;7;2;4;2;2;7;2;8;9;1531;0.34617896799477466
dogben;4;9;2;5;13;2;5;2;3;22;5;2;2;4;3;3;3;4;7;4;3;3;5;6;3;3;2;5;2;2;3;3;6;7;11;4;2;3;2;12;42;2;2;9;7;3;2;35;21;2;3;2;3;12;2;5;2;4;2;2;22;2;21;7;3;3;4;11;6;4;8;9;2;4;3;3;3;2;3;2;2;5;3;3;4;2;6;7;2;2;2;4;7;7;3;11;3;3;4;4;4;13;16;6;2;4;3;2;5;13;2;4;2;2;7;3;3;2;5;4;3;5;4;2;4;2;2;5;4;2;3;2;4;13;6;12;2;9;6;4;8;3;6;2;2;3;6;7;2;3;2;6;2;4;2;7;5;5;6;2;7;3;3;3;2;4;5;2;11;4;2;4;4;3;8;3;2;5;2;4;9;4;3;4;2;29;4;2;4;3;5;6;8;4;11;3;2;14;4;2;7;4;6;8;4;6;4;6;4;3;5;3;3;2;22;3;2;7;2;3;4;40;5;4;8;7;8;6;4;2;5;8;20;4;3;15;10;6;16;3;10;3;2;3;8;5;2;7;12;3;8;1532;0.2630548302872063
cary-clark;3;14;2;10;4;3;4;2;2;3;13;5;7;2;2;2;2;2;3;4;7;3;2;3;8;7;3;2;13;36;14;5;2;5;2;18;19;3;12;2;4;2;4;5;6;2;5;4;2;3;6;10;2;4;10;3;8;2;21;4;2;3;13;2;13;2;3;3;33;2;34;8;14;12;8;48;15;42;95;6;7;16;39;23;32;10;14;16;11;20;9;12;2;5;48;2;4;22;8;4;7;48;3;398;1141;0.14198071866783524
ianroth;66;5;13;23;54;1374;162;0.037037037037037035
reed-at-google;3;3;3;2;3;8;2;2;4;2;2;2;8;2;2;2;2;2;2;3;2;3;2;3;2;2;3;2;2;2;2;2;4;5;3;2;2;3;3;2;3;2;4;6;8;7;8;6;3;4;3;4;2;2;2;3;4;4;2;3;2;5;2;5;4;4;5;4;3;3;12;4;3;3;2;4;2;3;3;2;5;4;2;5;3;2;8;4;3;2;2;2;2;2;4;4;2;2;3;2;2;2;3;6;2;3;2;5;3;4;3;3;2;3;2;4;2;2;2;2;3;4;2;2;9;3;11;2;5;2;6;9;2;5;3;3;3;3;7;2;6;6;5;5;6;2;4;2;2;3;3;2;2;4;2;3;3;3;3;2;2;6;3;2;3;15;5;3;2;4;2;2;3;6;2;3;2;5;5;13;2;3;16;5;12;7;2;3;6;2;5;2;3;2;2;4;8;3;2;3;2;5;2;3;2;2;2;2;3;2;2;2;2;2;2;6;2;2;4;2;2;2;4;3;4;3;5;6;2;2;3;3;2;2;4;10;4;3;3;5;4;7;5;3;19;4;2;3;2;2;5;2;2;3;2;3;4;2;3;3;2;4;4;3;2;4;32;2;6;5;3;6;7;2;2;9;8;1535;0.5140065146579804
astojilj;3;5;119;55;1353;183;0.0273224043715847
plesner;1532;1;1.0
heathmill;12;62;36;44;41;39;3;50;6;7;20;49;70;33;2;7;42;42;56;18;24;42;49;47;3;5;36;18;25;41;32;24;19;23;21;23;47;56;42;4;38;42;12;44;42;4;38;5;44;41;1491;0.03420523138832998
jvanverth;10;3;9;4;2;7;17;43;2;3;2;5;2;4;6;2;3;2;3;9;12;5;2;3;4;7;2;3;4;4;5;7;13;6;12;2;4;8;5;2;5;8;3;14;2;2;3;4;3;7;3;10;5;3;7;4;5;11;9;5;6;16;6;3;8;2;3;3;3;3;4;4;5;2;8;6;8;3;2;6;6;9;8;3;2;3;2;3;4;16;12;4;9;5;2;5;6;7;25;5;6;3;3;3;2;2;3;4;6;3;7;5;5;2;6;6;5;6;8;6;5;17;6;5;2;4;3;4;7;5;2;4;4;2;2;3;4;14;5;5;7;9;4;10;8;3;2;4;2;7;4;2;4;2;5;7;5;8;6;5;9;3;6;2;16;4;2;3;3;3;3;3;5;4;2;3;2;2;2;5;2;3;2;2;4;2;3;9;6;7;3;21;4;2;10;2;7;5;8;6;3;4;3;3;2;4;3;4;2;4;4;4;2;2;4;5;8;3;2;4;2;3;3;6;2;3;3;3;2;6;2;4;9;5;8;21;5;4;2;4;2;4;3;4;4;2;4;2;4;2;4;6;6;2;4;3;6;3;3;8;20;4;1531;0.2873938602220771
drWulf;6;24;17;2;4;3;8;6;6;8;4;20;9;13;19;3;4;2;3;18;7;13;26;9;21;41;55;22;8;3;23;6;48;2;4;14;62;33;22;23;5;12;22;18;7;18;41;49;4;15;28;7;4;2;8;40;9;69;7;27;77;42;2;14;6;132;6;4;174;34;1487;0.05783456624075319
saltmueller;12;91;54;2;23;137;3;3;25;135;16;20;14;2;8;11;52;52;119;8;17;4;14;14;6;54;39;5;43;14;20;7;14;166;2;308;1212;0.03382838283828383
rmistry;27;2;5;31;10;5;2;9;8;30;8;13;7;23;15;5;13;3;7;3;3;2;27;3;2;5;2;5;2;7;7;2;16;8;13;13;7;4;2;13;9;2;2;2;18;8;2;4;4;4;17;4;6;2;18;2;21;2;4;10;10;9;5;2;18;8;5;10;7;4;14;5;8;15;6;3;12;2;19;20;2;20;7;3;5;3;11;4;23;3;2;5;11;15;15;14;2;7;4;6;12;4;2;2;5;6;14;29;13;2;33;22;5;7;8;8;18;7;5;10;5;4;24;7;6;8;5;8;26;8;3;5;8;12;18;8;12;4;7;5;3;2;11;2;10;21;14;6;28;20;3;17;8;25;8;12;6;1514;0.1525759577278732
jcgregorio;48;6;16;5;2;5;6;9;6;18;7;24;39;3;27;18;3;4;12;13;4;4;5;6;27;50;6;39;3;17;7;2;15;47;42;13;63;112;29;74;54;2;4;6;22;7;6;7;13;8;9;34;8;106;3;30;27;4;70;13;15;6;59;13;19;13;6;3;10;69;9;1511;0.06551952349437459
lsalzman;8;38;6;8;4;72;54;8;28;15;15;3;63;47;18;27;14;46;17;6;56;96;379;203;188;92;1423;0.020379479971890373
erock2112;6;4;5;4;20;2;19;24;11;2;3;2;5;3;8;2;3;5;12;7;7;3;8;7;6;6;5;8;2;12;3;3;2;3;4;3;14;10;5;3;3;5;2;3;3;3;5;3;3;3;2;8;3;5;5;5;2;2;3;7;6;23;4;7;5;2;4;10;4;5;7;7;4;3;13;2;3;2;4;2;3;2;9;3;14;8;5;8;2;5;7;7;3;8;8;3;9;37;7;5;18;28;14;5;3;3;21;9;17;3;11;3;4;2;4;14;3;4;2;23;3;2;4;3;3;10;2;6;6;7;7;3;2;18;2;4;3;10;4;3;14;3;15;5;15;5;19;35;43;4;10;13;18;8;12;29;4;8;6;3;18;6;6;7;3;3;12;2;4;2;3;2;14;61;4;11;10;3;9;5;6;8;11;23;5;1513;0.19299405155320556
kjlubick;49;6;5;7;2;6;36;4;7;2;5;45;13;13;26;7;16;25;5;20;15;6;7;9;4;6;7;10;4;13;9;5;2;4;14;5;3;4;2;3;6;2;5;4;5;5;5;2;3;4;2;6;14;4;4;5;8;6;8;39;17;4;16;15;6;5;3;10;2;3;13;2;5;2;11;6;4;4;5;3;12;3;4;5;5;3;3;2;4;5;5;2;6;5;2;5;9;3;2;11;3;4;5;4;8;3;7;3;3;2;12;2;10;4;11;16;3;2;5;3;2;3;4;2;4;6;2;3;7;2;4;3;3;2;5;4;2;11;6;3;2;3;2;2;3;8;7;3;7;14;3;6;4;8;2;3;4;3;2;3;3;3;6;3;7;3;17;25;3;11;19;49;5;2;6;8;4;2;8;6;5;7;3;5;3;7;3;4;3;2;10;2;3;4;4;2;13;4;2;2;5;1500;0.23
erikchen;63;4;2;1212;222;1283;0.004676539360872954
joel-liang;86;231;6;55;2;20;1099;402;0.01990049751243781
Naburimannu;107;55;54;17;50;1216;285;0.02456140350877193
xidachen;7;4;42;88;6;154;13;253;930;568;0.01584507042253521
aam;144;1353;145;0.013793103448275862
smklein;1492;1;1.0
tzik;874;597;875;0.002285714285714286
alijuma;4;20;204;1239;230;0.021739130434782608
yujieqin;2;5;2;12;6;2;3;2;5;5;21;8;10;214;1147;305;0.07213114754098361
cjacek;51;1400;52;0.038461538461538464
ProgramMax;21;9;3;91;2;6;12;49;21;17;3;2;4;86;119;7;154;708;131;1320;0.01818181818181818
ebrauer;21;1428;22;0.09090909090909091
svaisanen;83;1365;84;0.023809523809523808
antondaubert;1448;1;1.0
brianosman;6;3;2;3;7;3;2;4;2;7;4;3;4;6;4;4;5;6;3;5;2;4;8;4;4;2;3;13;4;2;3;3;13;2;4;4;2;3;8;3;4;2;3;7;3;3;4;4;6;6;2;3;5;3;2;4;3;5;6;3;3;3;5;11;3;6;4;2;2;3;2;3;2;7;3;2;4;2;4;3;2;4;6;4;5;2;5;3;6;5;2;3;9;3;3;3;5;5;3;4;5;4;3;2;3;2;2;3;3;6;5;3;2;4;4;2;2;4;9;3;3;3;5;6;8;4;3;20;3;2;6;8;4;2;3;2;11;6;2;3;2;4;2;3;3;5;2;4;6;3;2;5;3;2;4;3;3;3;4;4;2;4;2;5;6;7;3;4;3;3;2;2;3;3;3;3;2;2;3;2;4;2;3;5;3;3;2;3;2;8;6;5;3;2;2;5;2;3;3;3;2;4;2;3;4;2;3;2;2;2;2;4;2;3;2;3;3;3;3;4;2;2;3;4;5;4;5;2;4;3;3;3;7;2;3;2;4;4;13;2;3;2;6;4;3;3;3;3;2;3;2;3;3;2;5;11;3;8;5;7;5;2;3;2;3;7;3;3;3;2;5;1439;0.47255038220986795
randomascii;21;33;159;73;41;24;145;19;924;516;0.01744186046511628
zetafunction;1439;1;1.0
jeremyroman;34;4;112;209;848;226;1208;0.004966887417218543
khushalsagar;782;27;4;6;5;5;2;7;4;13;27;25;12;41;7;13;127;6;4;21;48;90;13;7;100;26;1408;0.026278409090909092
marcodiiga;4;1391;5;0.4
abarth;6;109;1279;116;0.02586206896551724
RainM;1377;1;1.0
gkrasin;212;1152;213;0.009389671361502348
liyuqian;3;3;7;3;4;3;3;3;6;3;4;3;3;3;13;6;40;3;18;9;5;7;7;9;6;2;2;3;2;2;3;2;2;7;3;10;2;13;10;5;3;11;23;11;10;17;51;2;10;4;3;11;17;2;4;7;2;2;4;2;17;3;4;8;3;3;4;17;6;2;4;2;4;7;4;5;2;5;5;2;7;6;5;3;2;2;4;21;2;3;3;8;3;2;2;6;10;2;4;5;2;4;3;5;2;2;2;10;16;64;5;16;4;27;280;43;154;1207;0.15990057995028997
scott-little;1350;1;1.0
mikusiniak;1324;1;1.0
mbarbella-chromium;1323;2;1.0
sdefresne;111;1211;113;0.02654867256637168
csmartdalton86;4;2;5;6;4;3;4;2;4;9;5;6;2;2;2;3;2;2;4;8;2;4;7;6;3;4;5;6;6;8;2;4;8;4;5;79;3;3;4;8;15;4;14;2;20;2;3;7;2;9;5;5;2;3;5;7;2;3;2;7;4;2;12;6;8;13;7;2;4;2;5;7;3;4;2;3;2;4;2;2;2;5;5;6;2;3;2;2;6;17;2;6;4;6;3;5;7;5;13;5;5;2;4;6;3;4;2;5;3;3;5;5;2;3;6;10;5;2;2;3;2;2;12;7;3;2;3;2;7;5;2;5;2;6;3;12;3;8;2;4;4;8;4;2;4;2;4;8;2;2;2;4;36;3;6;3;4;9;3;2;6;8;4;4;2;6;2;3;3;5;2;2;2;5;7;6;4;10;4;2;6;13;8;4;7;2;5;10;7;3;2;3;2;3;2;2;3;5;2;2;3;3;6;6;6;4;2;5;4;4;3;2;6;6;2;3;2;3;3;6;16;5;2;2;7;9;2;2;4;1318;0.2966616084977238
jbauman2;1315;1;1.0
staniliev;87;4;57;26;2;29;40;57;36;8;6;20;27;7;13;57;20;7;33;7;37;51;105;11;23;26;3;13;18;3;4;30;2;109;13;17;29;40;57;24;98;42;2;1302;0.03533026113671275
shishkander;238;3;956;103;1198;0.00333889816360601
VjiaoBlack;12;8;10;4;4;3;4;6;2;3;6;2;1223;72;0.2777777777777778
irori;1289;1;1.0
progers;3;1284;5;0.6
chrishtr;1269;1;1.0
Gogil;1249;1;1.0
ankurmittal;7;616;622;625;0.0064
sylvestre;67;1164;68;0.029411764705882353
mgiuca;1227;1;1.0
chuim;1223;1;1.0
mikejurka;204;10;1005;216;0.018518518518518517
hinoka;1213;1;1.0
ccameron-chromium;162;68;8;38;5;17;620;43;88;148;1051;0.010466222645099905
junov;327;2;313;547;643;0.006220839813374806
xiangzez;8;20;1133;29;0.10344827586206896
jamesr;1158;1;1.0
jzern;7;5;5;2;2;7;7;2;4;3;10;7;3;2;3;5;37;3;15;3;3;9;6;16;12;12;11;3;7;7;19;5;5;2;12;6;2;4;4;8;4;7;13;2;7;14;7;4;2;5;18;2;3;2;9;21;2;7;23;6;3;2;2;4;18;7;5;11;6;33;13;2;2;5;12;12;6;8;3;3;4;21;3;9;7;2;4;19;2;7;5;3;10;6;4;16;4;2;2;6;49;14;8;17;15;3;3;2;6;7;2;2;2;15;23;2;3;7;7;8;53;37;11;16;7;4;9;56;3;9;50;2;12;5;13;37;6;8;3;2;6;7;2;2;9;13;37;51;45;7;3;2;17;9;1564;0.1547314578005115
chinmaygarde;7;663;231;98;50;105;1051;0.006660323501427212
hcmiller;1154;1;1.0
markazmierczak;1153;1;1.0
nona-google;1137;1;1.0
gburgessiv;1135;1;1.0
kojiishi;1089;1;1.0
zmodem;63;247;767;312;0.01282051282051282
jreck;1072;1;1.0
ChrisCraik;1072;1;1.0
chethaase;8;1056;9;0.2222222222222222
minorninth;589;476;590;0.003389830508474576
riannucci;6;9;3;38;3;4;19;36;33;486;70;93;108;132;911;0.01756311745334797
mattleibow;1037;1;1.0
frobtech;785;249;786;0.002544529262086514
freiling;20;10;993;31;0.0967741935483871
leizleiz;815;198;816;0.0024509803921568627
quisquous;35;51;15;12;30;10;198;6;12;2;4;2;4;15;20;2;2;41;11;202;2;7;4;113;181;809;0.0407911001236094
jbudorick;991;1;1.0
ericrk;972;1;1.0
wychen;966;1;1.0
mfncharm;964;1;1.0
danakj;931;33;932;0.002145922746781116
Cbaoj;968;1;1.0
mostynb;951;1;1.0
vadimsht;936;1;1.0
rmacnak-google;919;1;1.0
jungshik;911;1;1.0
sadrulhc;880;1;1.0
wangxianzhu;17;4;9;119;723;151;0.039735099337748346
vonture;116;723;117;0.017094017094017096
aarongable;828;1;1.0
d0k;2;818;3;0.6666666666666666
gahaas;797;1;1.0
vmpstr;64;727;65;0.03076923076923077
bsheedy-work;778;1;1.0
pirama-arumuga-nainar;28;34;20;232;343;106;658;0.00911854103343465
mcgreevy;756;1;1.0
phuang;16;552;65;76;634;0.006309148264984227
ytomio;688;1;1.0
weili0;678;1;1.0
sugoi1;671;1;1.0
kdonev;4;8;658;13;0.23076923076923078
Kangz;22;644;23;0.08695652173913043
jonathanmetzman;403;254;404;0.0049504950495049506
DevHwan;80;555;81;0.024691358024691357
xster;629;1;1.0
weiliangc;8;43;552;52;0.057692307692307696
smut-on-git;592;1;1.0
ruiqimao;8;3;6;7;2;26;518;56;0.17857142857142858
bbarenblat;533;1;1.0
zhyizhang;7;516;8;0.25
lhkbob;6;2;6;4;2;5;5;3;3;2;5;10;7;3;2;4;3;8;3;5;2;3;3;3;2;4;4;12;4;3;4;5;7;10;2;2;4;7;6;2;6;5;2;3;3;3;2;3;3;6;6;5;3;10;2;3;3;3;4;14;5;4;7;8;2;7;4;2;3;9;12;2;5;8;13;6;16;4;5;2;3;10;3;2;3;6;2;6;7;19;7;506;0.2865612648221344
nodirt;483;1;1.0
nathanrogersgoogle;42;260;173;303;0.009900990099009901
ds-hwang;440;1;1.0
goderbauer;434;1;1.0
khovansky-al;427;1;1.0
SergeyUlanov;251;3;156;255;0.011764705882352941
cdotstout;202;196;203;0.009852216748768473
bratell-at-opera;98;293;99;0.020202020202020204
ThomsonTan;36;344;37;0.05405405405405406
ianloic;318;62;151;169;532;0.007518796992481203
dawzon;372;1;1.0
nedn;369;1;1.0
gitkaiser;2;29;27;95;187;154;0.032467532467532464
KDr2;335;2;1.0
tanderson-google;74;212;42;287;0.010452961672473868
kongy;303;1;1.0
tusharkhandelwal2;329;1;1.0
vejmartin;14;14;272;29;0.10344827586206896
mvujovic;289;1;1.0
mfreed7;2;283;3;0.6666666666666666
tambry;253;1;1.0
bungeman;243;1;1.0
Rusino;8;3;6;2;2;20;12;7;2;7;7;5;14;33;30;3;8;6;6;2;5;8;19;2;2;5;226;0.1415929203539823
nihohit;56;20;28;83;30;189;0.031746031746031744
uysalere;105;18;6;13;13;50;156;0.038461538461538464
AaronO;192;1;1.0
kpozin;162;1;1.0
dtapuska;153;1;1.0
rokob;139;2;1.0
orn688;127;1;1.0
vasilyt;117;1;1.0
rsesek;96;1;1.0
deepak1556;86;1;1.0
rosasco-wk;36;6;2;5;6;2;5;6;32;11;102;0.10784313725490197
colincross;68;1;1.0
flar;63;1;1.0
jason-simmons;5;16;40;22;0.13636363636363635
paraboul;36;1;1.0
PetarKirov;31;1;1.0
jcai19;28;1;1.0
noahl;27;1;1.0
ThePhD;23;25;18;8;15;7;2;6;5;17;4;9;9;3;4;5;2;13;3;22;3;4;4;3;2;4;2;5;9;5;19;3;2;2;5;5;5;10;4;2;3;10;8;17;3;11;4;7;7;11;6;38;3;11;5;21;2;14;7;517;0.18568665377176016
jquesnelle;455;1;1.0
geneotech;444;1;1.0
InvisiblePhil;372;1;1.0
wateret;316;1;1.0
TheAifam5;267;237;268;0.007462686567164179
no-more-secrets;124;1;1.0
Smertig;109;1;1.0
brofield;111;224;286;397;873;1019;0.004906771344455349
vladon;1556;1;1.0
leokoppel;466;806;467;0.004282655246252677
iondune;873;1;1.0
Chocobo1;873;1;1.0
csware;502;1;1.0
Deni90;1171;1;1.0
client9;470;680;471;0.004246284501061571
advancedxy;799;1;1.0
spacewander;742;1;1.0
madler;74;22;73;7;5;8;2;10;2;2;6;8;2;4;2;10;2;25;2;8;5;2;13;7;7;39;17;48;132;88;22;77;105;2;63;2;26;37;15;8;32;14;46;9;42;44;190;1191;0.051217464315701094
roberto-ieru;5;7;2;20;6;4;14;27;9;4;2;3;4;2;2;3;9;2;3;5;6;2;3;2;8;4;3;4;22;42;4;2;3;2;5;3;5;5;5;2;2;7;6;4;3;11;6;4;2;6;3;4;5;2;2;4;2;3;3;4;11;3;2;6;8;4;8;5;7;2;4;9;5;3;2;8;10;4;6;6;5;3;4;10;3;7;9;547;0.25594149908592323
alexkaratarakis;3;2;7;6;4;3;9;6;8;4;5;2;2;2;4;2;2;3;5;6;4;2;20;56;14;186;36;105;419;0.1026252983293556
ras0219-msft;6;2;2;4;5;4;6;7;2;6;16;4;2;2;2;6;4;6;3;3;7;6;6;3;3;20;9;3;3;2;2;2;3;4;4;12;2;6;9;2;3;7;7;6;3;4;14;9;3;2;2;2;2;18;2;8;3;4;4;6;3;14;10;10;12;10;24;32;21;3;13;14;2;21;2;528;0.19696969696969696
ngrodzitski;12;117;39;353;169;0.023668639053254437
OfekShilon;521;1;1.0
Milerius;3;4;5;508;13;0.3076923076923077
fcharlie;15;8;60;27;410;111;0.04504504504504504
jozefizso;203;189;24;60;31;13;508;0.011811023622047244
doomtr666;57;239;22;202;319;0.012539184952978056
sbj42;518;1;1.0
Cheney-W;9;11;105;50;33;23;7;4;8;2;10;29;8;24;12;6;13;45;74;43;476;0.046218487394957986
youknowone;105;412;106;0.018867924528301886
sanxiyn;513;1;1.0
crackedmind;74;4;4;8;24;26;2;16;110;109;6;2;125;512;0.029296875
stammen;512;1;1.0
igl42;189;179;143;370;0.010810810810810811
atkawa7;3;3;2;67;156;279;234;0.03418803418803419
myd7349;7;2;42;5;2;6;22;12;3;10;4;19;5;2;6;2;2;5;21;2;2;4;3;3;3;3;10;3;3;4;10;10;2;5;2;2;2;2;2;2;3;3;2;5;3;2;3;5;4;3;5;2;3;4;2;3;4;3;8;6;4;17;2;4;4;2;3;8;10;45;21;13;9;504;0.2261904761904762
crlf0710;511;1;1.0
markaren;7;70;62;17;10;37;308;204;0.03431372549019608
sjemens;509;1;1.0
londey;509;1;1.0
icedream2linxi;2;12;495;15;0.2
past-due;96;7;33;3;16;38;21;14;8;63;84;16;110;400;0.0325
iyanging;505;1;1.0
qmfrederik;505;1;1.0
xiangfan-ms;504;1;1.0
MarkIanHolland;7;19;14;26;5;5;12;64;131;220;284;0.035211267605633804
miurahr;502;1;1.0
the-j0k3r;111;171;218;283;0.01060070671378092
tbeu;500;1;1.0
ptahmose;500;1;1.0
ruurdadema;498;1;1.0
DavidLudwig;9;2;496;12;0.25
katmsft;13;484;14;0.14285714285714285
SuperWig;8;3;120;11;12;43;2;9;17;35;9;5;19;20;89;93;405;0.044444444444444446
jasjuang;19;275;171;13;16;41;29;36;145;157;55;903;0.012181616832779624
guest512;11;477;12;0.16666666666666666
gracicot;327;161;328;0.006097560975609756
hanseuljun;486;1;1.0
tronical;21;11;230;88;134;351;0.014245014245014245
quickiwiki;484;1;1.0
RandalliLama;484;1;1.0
jwillemsen;45;15;66;33;10;11;6;14;113;115;54;429;0.02564102564102564
claudiofantacci;159;111;212;271;0.01107011070110701
jadedrip;12;461;14;0.21428571428571427
kfarnung;471;1;1.0
jubalh;2;468;3;0.6666666666666666
ArashPartow;9;460;10;0.2
mattiascibien;469;1;1.0
TartanLlama;36;6;17;144;61;22;181;288;0.027777777777777776
tumugin;468;1;1.0
hlysunnaram;8;4;102;354;115;0.034782608695652174
Cyan101;467;1;1.0
trollixx;75;256;463;332;0.009036144578313253
maxGimeno;30;344;3;21;6;4;54;410;0.01951219512195122
jimmysoda;81;463;82;0.024390243902439025
kjpus;52;411;53;0.03773584905660377
kevinhartman;463;1;1.0
edmBernard;7;6;3;32;101;11;22;280;184;0.04891304347826087
kiwixz;121;9;6;22;17;5;156;127;337;0.02373887240356083
LRFLEW;7;6;16;82;226;125;338;0.01775147928994083
kenr;223;135;104;359;0.008356545961002786
Lyle-Tafoya;26;434;27;0.07407407407407407
jeweg;4;322;23;111;350;0.011428571428571429
Alien-AV;460;1;1.0
MoAlyousef;276;184;277;0.007220216606498195
UnaNancyOwen;4;19;4;2;2;6;2;7;95;4;59;42;92;6;114;347;0.04899135446685879
hesiod;4;456;5;0.4
MathiasMagnus;334;126;335;0.005970149253731343
ct-clmsn;243;217;244;0.00819672131147541
BillyONeal;34;16;7;3;44;55;7;29;83;20;24;138;323;0.03715170278637771
mcgoo;269;191;270;0.007407407407407408
vooidptr;6;15;435;22;0.13636363636363635
alexdewar;456;1;1.0
McNeight;8;369;78;378;0.007936507936507936
kobykahane;16;439;17;0.11764705882352941
raydelto;454;1;1.0
SgtCoDFish;452;1;1.0
skypjack;452;1;1.0
mschmieder;228;450;229;0.008733624454148471
RobertBColton;3;447;4;0.5
MaciejPatro;449;1;1.0
ken2812221;449;1;1.0
swurzinger;449;1;1.0
ryanfitzsimon;352;8;89;361;0.008310249307479225
fungos;448;1;1.0
rleigh-codelibre;17;31;399;50;0.08
robertisaacs;447;1;1.0
VioletGiraffe;447;1;1.0
jiria;447;1;1.0
bobk2824;196;77;56;118;330;0.012121212121212121
Squareys;109;36;161;59;31;51;397;0.015113350125944584
gknowles;447;1;1.0
loskutov;446;1;1.0
Farwaykorse;4;2;17;58;156;207;239;0.029288702928870293
DigitalInBlue;355;89;356;0.0056179775280898875
ShinNoNoir;32;6;49;303;54;391;0.01278772378516624
CaseyCarter;7;8;8;7;77;76;113;145;297;0.026936026936026935
masali-hp;439;1;1.0
tobbi;3;202;17;26;5;184;254;0.023622047244094488
NebuHiiEjamu;434;1;1.0
andyli;434;1;1.0
sychugin;434;1;1.0
dechamps;433;2;1.0
eao197;4;58;8;33;9;11;16;26;22;6;9;6;13;31;15;27;8;32;20;22;4;7;18;26;409;0.06601466992665037
Deledrius;305;22;106;329;0.0121580547112462
Neumann-A;2;39;86;22;34;4;8;2;2;8;5;6;12;22;19;4;2;2;3;7;7;3;2;4;3;3;7;70;11;17;3;2;434;0.10368663594470046
ikkz;172;144;117;317;0.00946372239747634
Thorius;433;1;1.0
jayeshbadwaik;19;414;20;0.1
githubkusi;433;1;1.0
spacepluk;433;1;1.0
yann-lty;35;397;36;0.05555555555555555
jdellar;432;1;1.0
Rastaban;3;12;2;5;3;2;19;22;15;5;5;9;4;2;4;2;5;2;4;2;5;4;7;16;10;3;17;3;3;4;2;2;2;8;6;2;4;10;10;6;3;14;9;3;2;111;318;0.25471698113207547
gjasny;210;160;31;26;402;0.009950248756218905
dantti;427;1;1.0
ivysnow;33;21;94;278;149;0.026845637583892617
mmalek;426;1;1.0
massand;77;5;16;130;197;229;0.021834061135371178
kypp;10;148;264;159;0.018867924528301886
alenas;419;1;1.0
cenit;19;2;4;25;5;16;34;7;8;4;2;8;4;2;3;18;4;7;5;4;3;3;18;3;4;12;19;2;12;11;31;13;2;43;31;23;397;0.11083123425692695
angelmixu;14;48;15;36;20;286;134;0.04477611940298507
cyyever;418;1;1.0
i6-xx;415;1;1.0
peters;414;1;1.0
twMr7;13;400;14;0.14285714285714285
josuegomes;165;36;93;113;5;408;0.012254901960784314
PavelKisliak;412;1;1.0
jebrando;40;372;41;0.04878048780487805
JuhaSointusalo;14;398;15;0.13333333333333333
shaymagsumov;412;1;1.0
raphaelgz;410;1;1.0
DaanDeMeyer;227;77;99;6;404;0.009900990099009901
bluekyu;411;1;1.0
machpavel;14;392;15;0.13333333333333333
rfric;6;104;296;111;0.02702702702702703
wravery;13;21;9;23;43;30;14;98;155;252;0.03571428571428571
LukaszMendakiewicz;6;7;393;14;0.21428571428571427
inv2004;406;1;1.0
thierryba;405;1;1.0
plevy;405;1;1.0
marcomagdy;4;400;5;0.4
gnu-lorien;400;1;1.0
Berrysoft;400;1;1.0
kmhofmann;36;10;19;335;66;0.06060606060606061
albertfong;399;1;1.0
studiofuga;398;2;1.0
alberthdev;397;1;1.0
FranciscoPDNeto;394;1;1.0
TheScarfix;30;10;13;4;10;13;5;57;139;11;102;293;0.03754266211604096
owent;245;148;246;0.008130081300813009
koprok;20;20;33;4;31;3;189;93;301;0.026578073089700997
jherico;55;154;3;13;22;20;12;3;12;4;6;80;9;385;0.033766233766233764
patlkli;392;1;1.0
krismattheus;392;1;1.0
pgoodman;50;4;338;55;0.05454545454545454
lazyhamster;57;28;20;10;3;16;91;89;9;56;324;0.030864197530864196
aaronang;373;1;1.0
vicroms;3;2;5;21;11;2;4;2;2;3;10;11;2;4;9;6;6;2;13;14;8;4;9;2;3;3;2;9;5;2;25;5;9;2;7;3;2;14;14;3;2;18;66;3;2;371;0.16981132075471697
jslee02;371;1;1.0
evpobr;23;25;64;21;3;2;17;215;157;0.05732484076433121
zhihaoy;18;5;10;4;8;3;28;4;10;23;5;2;251;121;0.10743801652892562
kafeg;53;233;84;287;0.010452961672473868
LarryIII;22;27;5;9;6;8;7;5;9;6;7;8;251;120;0.10833333333333334
nsimakov;370;1;1.0
cdcseacave;5;136;67;44;112;5;365;0.01643835616438356
pravic;152;214;153;0.013071895424836602
Corbachu;366;1;1.0
Dagizmo;2;281;82;284;0.01056338028169014
patrickelectric;364;1;1.0
saedrna;364;1;1.0
philjdf;79;110;97;77;288;0.017361111111111112
rosenqui;364;1;1.0
ewertons;69;54;4;14;74;49;13;3;47;36;328;0.03048780487804878
huangqinjin;134;224;135;0.014814814814814815
Jasper-Bekkers;358;1;1.0
qis;194;52;5;2;68;108;17;41;62;490;0.022448979591836733
hkaiser;29;103;225;133;0.022556390977443608
Codiferous;356;1;1.0
bdonlan;356;1;1.0
smlee-hdactech;3;351;4;0.5
WopsS;354;1;1.0
Tessil;5;348;6;0.3333333333333333
RT2Code;38;6;141;11;58;6;3;9;4;47;16;9;343;0.043731778425655975
alienzj;351;1;1.0
WimLeflere;351;1;1.0
chrullrich;219;132;220;0.00909090909090909
scarsty;350;1;1.0
McDamon;349;1;1.0
IronBlood;349;1;1.0
JackBoosY;6;19;2;5;3;4;5;2;3;2;15;3;5;2;11;2;4;2;7;4;3;3;5;4;2;4;6;6;7;2;5;7;3;4;6;3;3;5;3;4;2;3;2;3;5;8;2;9;3;3;2;2;18;3;3;15;5;4;3;9;4;3;5;344;0.3023255813953488
joa-quim;4;344;5;0.4
CoffeeFlux;348;1;1.0
mcraveiro;6;2;24;316;33;0.12121212121212122
volatilevar;348;1;1.0
ncihnegn;347;1;1.0
9prady9;347;1;1.0
Bo98;343;1;1.0
sfreed141;343;1;1.0
wurp;342;1;1.0
MikeGitb;111;231;112;0.017857142857142856
orudge;316;26;317;0.006309148264984227
DDoSolitary;342;1;1.0
helynranta;12;161;169;174;0.017241379310344827
lsparey;139;203;140;0.014285714285714285
calumr;755;338;756;0.0026455026455026454
Helco;40;6;64;33;192;144;0.034722222222222224
jtravs;335;1;1.0
emptyVoid;107;2;6;219;116;0.034482758620689655
jhs67;11;103;220;115;0.02608695652173913
JackBister;121;212;122;0.01639344262295082
martinmoene;96;2;4;225;106;0.0660377358490566
jcsantamaria;329;1;1.0
at-2500;328;1;1.0
xdarkradx;327;2;1.0
kereslas;5;62;48;212;117;0.042735042735042736
soroshsabz;28;20;279;49;0.061224489795918366
chausner;102;225;103;0.019417475728155338
piloopin;324;1;1.0
cwfitzgerald;2;5;9;2;56;246;79;0.12658227848101267
adrido;7;317;8;0.25
luncliff;235;4;96;16;26;36;121;140;535;0.014953271028037384
ahmadhasan2k8;322;1;1.0
Cyriuz;322;1;1.0
grdowns;4;6;3;2;14;3;3;3;15;31;2;2;4;2;12;5;2;15;15;8;34;4;16;30;32;7;6;23;6;316;0.12974683544303797
badfish69;321;1;1.0
thehans;321;1;1.0
DrPizza;7;314;8;0.25
lebdron;70;8;2;23;21;196;126;0.05555555555555555
SvenPStarFinanz;131;108;82;240;0.0125
kreuzerkrieg;3;54;259;59;0.06779661016949153
markdegreef;8;19;288;29;0.13793103448275862
DethRaid;316;1;1.0
tntxtnt;3;137;15;26;134;183;0.03278688524590164
mropert;316;1;1.0
jasonbeach;315;1;1.0
siertw;315;1;1.0
Jacob-Tate;315;1;1.0
alexsmn;315;1;1.0
tetsuh;4;197;113;202;0.01485148514851485
amiremohamadi;228;86;229;0.008733624454148471
tzneal;7;306;8;0.25
gennesseaux;312;1;1.0
JamesOldfield;312;1;1.0
nunoplopes;90;222;91;0.02197802197802198
mjaafa;312;1;1.0
webfolderio;60;7;2;243;70;0.05714285714285714
tarcila;11;95;14;28;87;75;237;0.029535864978902954
bolry;142;310;144;0.020833333333333332
johanlindfors;310;1;1.0
lrineau;22;212;37;39;272;0.014705882352941176
donny-dont;2;4;10;179;114;196;0.025510204081632654
NancyLi1013;2;7;8;10;3;14;3;7;2;7;3;6;4;10;6;3;2;4;10;3;3;2;6;6;3;10;3;12;2;5;7;2;3;9;2;14;14;2;3;17;2;27;3;10;4;3;4;309;0.20711974110032363
shelltdf;309;1;1.0
ethanhs;307;1;1.0
rollebolle;307;1;1.0
khizmax;307;1;1.0
cyj0912;306;1;1.0
ceeac;306;1;1.0
BigSeb;306;1;1.0
xgcssch;4;77;23;10;80;112;195;0.03076923076923077
MouhammadEV;303;1;1.0
Ambrou;299;1;1.0
mauricek;24;275;25;0.08
yurybura;295;3;1.0
Wataru343;296;1;1.0
LilyWangL;2;7;9;11;17;3;4;5;2;3;2;9;3;4;3;8;5;7;2;2;6;4;9;6;4;3;7;2;4;13;6;16;8;9;2;6;15;3;28;4;13;3;6;291;0.18556701030927836
frabert;20;109;4;42;120;176;0.028409090909090908
colatkinson;295;1;1.0
greg7mdp;77;168;35;9;281;0.014234875444839857
Asozial;288;1;1.0
MistGebaut;288;1;1.0
cbezault;7;2;11;16;5;6;3;8;3;9;34;4;15;3;2;4;34;6;101;6;283;0.10247349823321555
ShelleyLake;288;1;1.0
dlech;288;1;1.0
dzenanz;126;161;127;0.015748031496062992
djarek;285;1;1.0
zharkov-eu;285;1;1.0
fradav;11;220;54;232;0.01293103448275862
rickertm;282;1;1.0
pantor;282;1;1.0
david-antiteum;7;8;267;16;0.1875
xiao-ai;281;1;1.0
xnorpx;5;276;6;0.3333333333333333
alexander-smyslov;280;1;1.0
tony979;12;6;261;20;0.2
stfnp;279;2;1.0
jediry;279;1;1.0
et-nik;66;212;67;0.029850746268656716
ThadHouse;2;7;37;30;58;132;9;270;0.037037037037037035
driver1998;2;3;2;4;4;17;17;78;4;7;134;140;0.08571428571428572
daniele77;153;120;154;0.012987012987012988
tlemo;6;267;7;0.2857142857142857
xuhongxu96;4;155;111;160;0.01875
mknejp;270;1;1.0
sgulgas;266;1;1.0
alcroito;84;182;85;0.023529411764705882
tGstep;266;1;1.0
mamoll;265;1;1.0
JPMMaia;5;44;216;50;0.06
ioadong;264;1;1.0
AMDmi3;118;4;83;58;207;0.024154589371980676
bgospodaru;261;1;1.0
amaiorano;259;1;1.0
dwcullop;257;1;1.0
MelodyD;255;1;1.0
jumpinjackie;45;6;203;52;0.057692307692307696
RobertHue;254;1;1.0
yuroller;251;1;1.0
florin-crisan;251;1;1.0
jepessen;90;161;91;0.02197802197802198
melchi45;250;1;1.0
Haojia521;250;1;1.0
lukka;81;166;82;0.024390243902439025
stijnherfst;15;20;45;6;5;7;147;101;0.0891089108910891
eternalphane;246;1;1.0
ziyi-yan;245;1;1.0
heydojo;186;58;187;0.0106951871657754
NoFr1ends;244;1;1.0
Kwizatz;20;34;189;55;0.05454545454545454
muriukip;243;1;1.0
EmmaZhu;243;1;1.0
ruihe774;242;1;1.0
ZeeWanderer;59;54;118;9;232;0.017241379310344827
ccorn;240;1;1.0
chuong;239;1;1.0
andrm;238;1;1.0
dchansen;237;1;1.0
maharmstone;236;1;1.0
NNemec;18;3;13;210;36;0.1388888888888889
chrisaverage;6;228;7;0.2857142857142857
barcharcraz;229;1;1.0
mloskot;7;218;8;0.25
b-r-o-c-k;222;1;1.0
GitMensch;222;1;1.0
Pospelove;18;5;84;88;17;9;213;0.028169014084507043
quazi-irfan;219;1;1.0
trylle;219;1;1.0
dunhor;37;124;57;162;0.018518518518518517
ismail;217;1;1.0
shadowxiali;216;1;1.0
zhaofeng-shu33;216;1;1.0
dan-shaw;59;8;17;60;9;7;28;17;9;207;0.04830917874396135
TheGoddessInari;76;8;128;85;0.03529411764705882
kevinlul;15;16;4;7;16;12;47;72;18;5;208;0.04807692307692308
SamuelMarks;19;5;139;49;164;0.024390243902439025
isanych;18;3;19;22;148;63;0.07936507936507936
seanyen;9;5;201;217;0.02304147465437788
StephanTLavavej;209;1;1.0
bsergean;57;20;78;45;5;201;0.024875621890547265
g-maxime;203;1;1.0
jmcnamara;190;13;191;0.010471204188481676
ThijsWithaar;3;12;4;5;220;25;0.2
sbr-dev;199;1;1.0
YenForYang;8;190;9;0.2222222222222222
martin-s;51;22;123;197;0.02030456852791878
cskrisz;45;73;79;119;0.025210084033613446
robbie-li;193;1;1.0
saschazelzer;193;1;1.0
c0rp3n;190;1;1.0
zhbanito;9;181;10;0.2
gnaggnoyil;190;1;1.0
bitwiser73;189;1;1.0
cloudhan;184;1;1.0
thedevilfish;184;1;1.0
BradBarnich;182;1;1.0
strega-nil;2;2;2;7;6;2;9;3;3;139;2;180;0.08333333333333333
denis-gz;181;1;1.0
rknall;181;1;1.0
dittons;87;94;88;0.022727272727272728
daniel347x;99;82;100;0.02
Vultraz;177;1;1.0
contre;2;14;7;154;24;0.16666666666666666
hendradarwin;177;1;1.0
crusader-mike;7;2;6;31;130;48;0.125
xorz57;174;2;1.0
ehsan-mohammadi;2;2;4;2;4;2;3;2;2;6;5;5;8;9;12;7;3;32;51;120;0.23333333333333334
NiHoel;15;151;16;0.125
justinvh;162;1;1.0
ReinForce-II;161;1;1.0
danielaparker;27;14;9;3;23;30;11;35;9;153;0.058823529411764705
AlexanderTaeschner;161;1;1.0
N-Dekker;161;1;1.0
rotrida;160;1;1.0
sjdrc;157;1;1.0
g-e-n-o-s;51;104;52;0.038461538461538464
tmpvar;157;1;1.0
longhuan2018;5;15;5;2;19;107;48;0.14583333333333334
adam4813;152;1;1.0
mkroening;149;1;1.0
zi-m;2;3;2;9;2;17;6;2;28;75;74;0.16216216216216217
AlvinZhangH;14;6;3;4;7;3;2;2;13;28;10;17;5;6;13;4;4;5;144;0.1388888888888889
smkanadl;146;1;1.0
dimiboi;141;1;1.0
c72578;33;22;3;4;74;5;137;0.043795620437956206
shadowmaster63;139;1;1.0
xuchaoUCAS;138;1;1.0
faaxm;134;1;1.0
traversaro;6;3;3;10;111;24;0.25
ian-p-cooke;131;1;1.0
FaultyRAM;3;128;4;0.5
rioki;128;1;1.0
craftwar;128;1;1.0
kejxu;127;1;1.0
kblaschke;124;3;1.0
RichyHBM;126;1;1.0
sipsorcery;125;1;1.0
theblackunknown;121;1;1.0
manvscode;121;1;1.0
ava-YangL;7;113;8;0.25
nshishov;112;1;1.0
jspaith;14;42;54;59;0.0847457627118644
vpaladino778;5;5;23;77;35;0.14285714285714285
lakinwecker;109;1;1.0
greenbrettmichael;108;1;1.0
geiseri;108;1;1.0
ChaoJia;11;21;19;6;11;40;69;0.08695652173913043
chenxiaolong;590;108;591;0.00338409475465313
janholt;6;102;7;0.2857142857142857
AntonioArtigas;105;1;1.0
hannamagdalena;104;1;1.0
woxigeh;104;1;1.0
Neargye;10;3;73;4;9;92;0.06521739130434782
BurningEnlightenment;100;1;1.0
kou;100;1;1.0
Chris-SG;99;1;1.0
karjonas;8;98;10;0.3
caloni;99;1;1.0
Jinming-Hu;96;2;97;0.020618556701030927
RamadanAhmed;96;2;1.0
joelpelaez;93;1;1.0
sryze;90;1;1.0
SergiusTheBest;86;1;1.0
JoelFilho;86;1;1.0
kad-vliegr;84;1;1.0
NN---;82;1;1.0
zrax;7;48;27;56;0.05357142857142857
tcsavage;4;74;5;0.4
cnbatch;76;1;1.0
lstipakov;75;1;1.0
lex-96;75;1;1.0
aluaces;74;1;1.0
quatmax;72;1;1.0
nicoell;71;1;1.0
Kcchouette;69;1;1.0
davidebeatrici;2;54;3;0.6666666666666666
valbendan;56;1;1.0
375gnu;47;9;48;0.041666666666666664
olejniczak;54;1;1.0
dancsi;54;1;1.0
aybe;53;1;1.0
PhoebeHui;7;4;5;12;10;4;3;5;47;0.19148936170212766
stephenjust;35;9;36;0.05555555555555555
sayurin;44;1;1.0
shibayan;18;2;14;9;35;0.11428571428571428
yuvalg-MSFT;43;1;1.0
LaurensVoerman;5;5;21;9;33;0.15151515151515152
IronsDu;26;1;1.0
OOPMan;26;1;1.0
ortymd;25;1;1.0
leha-bot;25;1;1.0
brempusz;25;1;1.0
AMS21;25;1;1.0
xelatihy;23;1;1.0
mcmtroffaes;23;1;1.0
Outurnate;23;1;1.0
dhkatz;18;5;19;0.10526315789473684
vbaderks;13;1;1.0
mmahnic;13;1;1.0
tom-haines;13;1;1.0
B4rtware;13;1;1.0
lyhyl;9;1;1.0
winsoft666;8;9;0.2222222222222222
tannergooding;9;1;1.0
astitcher;9;1;1.0
Matioupi;9;1;1.0
MaherJendoubi;6;1;1.0
SeekingMeaning;2;1;1.0
dbird137;1;1.0
cryptomilk;395;1;1.0
msisov;344;1;1.0
markmentovai;8;2;4;4;13;111;94;11;45;40;299;0.05351170568561873
tonyo;18;299;19;0.10526315789473684
frncsrss;12;7;3;2;65;46;42;6;50;71;238;0.058823529411764705
pasko;279;1;1.0
ericastor;12;266;13;0.15384615384615385
sadmac7000;116;155;118;0.025423728813559324
kaadam;18;44;182;63;0.047619047619047616
clarkduvall;218;2;1.0
tamird;202;1;1.0
iromai-sed;42;175;43;0.046511627906976744
WesleyAC;162;1;1.0
vsrinivas;161;1;1.0
vapier;194;563;17;7;5;85;153;872;0.008027522935779817
timzheng-g;21;128;22;0.09090909090909091
pylaligand;2;139;3;0.6666666666666666
pankhurstG;127;1;1.0
jan-auer;59;37;60;0.03333333333333333
vitalybuka;38;4;39;0.05128205128205128
benjwright;35;1;1.0
ianby;22;1;1.0
ilor;2;1;1.0
skal65535;6;2;2;2;3;6;4;5;2;4;2;7;2;2;7;3;2;2;29;9;19;4;15;4;2;7;7;6;3;7;8;8;3;7;9;4;2;2;4;5;2;2;2;3;3;3;2;8;5;5;6;19;3;4;5;2;3;2;3;4;3;4;4;4;2;2;6;14;3;3;2;3;2;8;4;2;2;4;6;13;6;3;5;4;2;2;3;3;9;2;3;2;3;3;6;2;4;28;3;6;11;3;5;5;22;17;17;13;5;18;6;15;6;13;2;6;3;10;5;10;4;3;2;9;10;5;8;24;8;6;4;31;8;3;6;44;10;30;3;3;83;12;2;20;126;16;6;55;7;19;9;97;88;11;1563;0.16634676903390916
urvangjoshi;39;84;14;20;12;7;2;4;11;4;29;2;3;14;2;30;124;1162;406;0.054187192118226604
djpimg;1552;1;1.0
lvandeve;4;3;3;7;13;1490;32;0.21875
vrabaud;3;3;3;5;4;17;39;45;44;6;15;5;2;5;3;3;10;7;22;14;6;11;7;8;5;7;5;44;4;4;12;2;16;4;2;19;2;3;11;2;3;3;6;10;28;7;11;7;6;7;5;3;6;5;2;4;4;12;28;3;16;2;4;2;25;10;34;26;48;23;42;4;6;10;12;34;27;6;4;7;4;41;8;10;7;6;3;7;13;7;63;13;47;108;132;70;1438;0.09248956884561892
Scott84;1505;1;1.0
tmsri;1594;1;1.0
QrczakMK;58;1356;59;0.03389830508474576
imgmips1;13;7;6;3;3;4;2;4;3;2;194;1078;251;0.08366533864541832
punksu;5;7;14;2;18;2;10;2;6;13;59;12;114;27;5;8;2;3;43;924;357;0.06722689075630252
orodley;1149;1;1.0
browning-google;593;1;1.0
y-guyon;19;2;14;2;3;64;6;4;7;65;56;21;144;77;91;491;0.04276985743380855
SSE4;467;1;1.0
aidano;221;1;1.0
owolff;49;1;1.0
j4cbo;939;1;1.0
kristofferkoch;378;1;1.0
hamiltont;275;1;1.0
artwyman;126;1;1.0
jbhelm;72;1;1.0
eric-s-raymond;26;7;10;76;11;54;151;191;0.06806282722513089
rouault;340;1;1.0
brian-armstrong-discord;340;1;1.0
atsampson;337;1;1.0
william-index;305;1;1.0
kientzle;6;20;8;18;4;26;22;11;20;46;20;2;27;41;64;8;76;4;98;128;12;205;51;870;0.029885057471264367
emaste;908;1;1.0
mmatuska;65;115;79;38;76;14;32;2;10;2;2;17;2;3;6;7;13;2;11;4;13;18;6;2;8;4;7;2;11;3;3;2;4;2;4;7;3;2;2;5;2;2;3;2;4;3;4;2;2;5;3;3;3;4;2;10;44;20;2;7;11;3;13;41;5;7;3;8;6;7;2;3;2;2;3;901;0.13873473917869034
gperciva;460;439;461;0.004338394793926247
jsonn;35;3;9;18;175;110;47;4;120;201;67;16;39;3;46;852;0.022300469483568074
cperciva;901;1;1.0
jrmarino;683;193;684;0.0029239766081871343
bradking;608;239;609;0.003284072249589491
korli;837;1;1.0
spanglerco;4;814;5;0.4
zweger;347;470;348;0.005747126436781609
legnaleurc;807;1;1.0
jstarks;249;2;539;252;0.011904761904761904
BenjaminTrapani;2;5;720;9;0.4444444444444444
ArshanKhanifar;5;702;7;0.42857142857142855
antekone;11;194;16;5;2;23;13;28;6;2;3;3;28;15;25;53;3;3;2;2;4;3;35;8;95;82;5;23;677;0.051698670605613
Sp1l;654;1;1.0
eborisch;4;589;5;0.4
phcerdan;591;1;1.0
somasis;581;1;1.0
anthonybrandon;573;1;1.0
mellery451;565;1;1.0
ice799;460;1;1.0
uckelman-sf;454;1;1.0
guischulz;434;1;1.0
DerDakon;165;255;166;0.012048192771084338
praiskup;105;313;106;0.018867924528301886
jcfr;405;1;1.0
daxtens;13;28;379;43;0.09302325581395349
GeraldNDA;371;1;1.0
lwhsu;392;1;1.0
kulikjak;364;1;1.0
mgorny;358;1;1.0
BotellaA;346;1;1.0
elfring;345;1;1.0
HadesD;344;1;1.0
patcheng;4;325;5;0.4
ijanos;329;1;1.0
RhodiumToad;291;2;1.0
pohly;1178;1;1.0
kidandcat;275;1;1.0
ecatmur;265;1;1.0
mtomasz-chromium;1892;1;1.0
sssr33;270;1;1.0
marcespie;218;1;1.0
dtor;204;1;1.0
MaximeLM;173;1;1.0
ferdnyc;136;1;1.0
ischwarze;124;1;1.0
danielverkamp;103;1;1.0
Claybird;2;19;3;61;8;86;0.05813953488372093
kwojcicki;53;1;1.0
cielavenir;27;1;1.0
brad0;2280;1;1.0
sorensp;2;254;18;5;10;8;2;4;2;6;9;4;18;104;15;38;111;567;144;3;1229;1326;0.016591251885369532
ritzk;2275;1;1.0
ranma42;699;2;70;1484;773;0.00646830530401035
qboosh;2255;1;1.0
bavison;8;12;15;313;36;29;19;2;83;13;2;3;15;1576;552;0.02717391304347826
ssvb;199;347;18;994;582;1559;0.003207184092366902
ppaalanen;10;364;3;23;34;27;62;1590;527;0.020872865275142316
nemanja-lukic;2028;1;1.0
mattst88;1012;38;1236;3;280;2290;0.002183406113537118
spitzak;490;1232;491;0.004073319755600814
jcowgill;1716;1;1.0
ogabbay;7;3;2;30;36;47;53;7;1484;189;0.06349206349206349
tpetazzoni;122;1459;123;0.016260162601626018
GyrosGeier;1147;338;1148;0.0017421602787456446
sharkcz;615;1;1.0
nwnk;5;497;16;75;520;0.009615384615384616
mlankhorst;42;133;15;66;338;258;0.023255813953488372
dcbaker;90;116;168;128;377;0.015915119363395226
niveditharau;327;1;1.0
lazka;249;1;1.0
kraj;1337;1;1.0
leethomason;16;15;6;16;8;13;14;3;9;3;6;2;8;9;12;10;2;14;5;15;4;2;19;21;27;13;17;7;7;6;38;26;13;41;39;4;29;9;19;37;36;12;119;146;157;889;0.06299212598425197
Dmitry-Me;15;7;36;28;4;3;5;5;6;16;4;6;14;3;2;5;4;7;10;2;103;65;9;206;456;575;0.059130434782608696
brad-anderson;174;812;175;0.011428571428571429
jnguyen75;979;1;1.0
redagito;939;1;1.0
hyperair;938;1;1.0
kbinny62;4;932;5;0.4
DragonValley;4;910;5;0.4
lelegard;866;1;1.0
algol83;1388;1;1.0
alabuzhev;74;97;450;250;622;0.006430868167202572
zyndor;771;1;1.0
PeterMatula;736;1;1.0
fcami;723;1;1.0
Gumichan01;713;1;1.0
noloader;709;1;1.0
johnb003;573;1;1.0
lsolanka;7;621;8;0.25
orbitcowboy;50;132;121;90;154;394;0.012690355329949238
Masadow;463;1;1.0
scpeters;433;1;1.0
MortenMacFly;423;1;1.0
cugone;40;238;41;0.04878048780487805
equalent;265;1;1.0
wangkirin;31;230;32;0.0625
aaronkirkham;239;1;1.0
untereiner;175;1;1.0
Alanscut;5;6;110;12;0.25
jsenn;57;1;1.0
ngc92;43;1;1.0
offlinemark;43;1;1.0
EricWF;187;27;45;26;7;21;15;4;17;23;39;7;28;2;14;53;596;517;0.03481624758220503
tommadams;923;1;1.0
schra;854;1;1.0
disconnect3d;853;1;1.0
dmah42;59;769;60;0.03333333333333333
onto;828;1;1.0
mwinterb;7;196;18;229;63;15;187;113;717;0.012552301255230125
Algunenano;824;1;1.0
FredTingaud;175;646;176;0.011363636363636364
Yangqing;185;632;186;0.010752688172043012
ensonic;804;1;1.0
sesse;791;1;1.0
Kumar-Kishan;777;1;1.0
ldionne;772;1;1.0
winstondu;740;1;1.0
oskidan;726;1;1.0
aJetHorn;710;1;1.0
sam-panzer;3;100;601;104;0.028846153846153848
rob-guo;684;1;1.0
alekseyshl;684;1;1.0
jmillikin-stripe;678;1;1.0
Tim020;629;1;1.0
astrelni;23;600;25;0.12
NanXiao;7;616;8;0.25
sbc100;622;1;1.0
php1ic;617;1;1.0
denizevrenci;472;3;39;55;41;571;0.010507880910683012
mattreecebentley;601;1;1.0
Maratyszcza;588;2;1.0
sergiud;589;1;1.0
markand;531;2;1.0
vitaut;20;3;5;8;9;2;5;5;4;3;13;41;14;28;5;3;6;11;2;2;5;2;3;8;3;3;7;5;6;2;2;3;3;11;15;2;2;2;2;6;3;3;2;4;6;3;3;5;3;3;3;3;7;7;2;2;4;3;3;3;3;2;5;4;2;3;2;2;4;5;2;4;2;6;2;4;5;7;3;2;3;3;4;5;3;10;10;2;6;2;2;3;5;4;6;3;4;3;3;2;4;4;3;4;2;2;3;2;3;4;6;4;5;4;2;3;2;2;2;2;2;3;5;4;12;4;3;3;6;3;2;3;2;4;3;11;3;2;2;2;2;7;5;2;2;2;2;6;3;3;3;2;3;5;4;2;3;6;3;2;2;2;5;2;4;8;4;10;2;2;3;2;3;3;6;4;3;7;3;2;4;2;5;2;3;8;2;2;2;3;3;2;3;2;3;3;4;3;1112;0.4181654676258993
polyvertex;4;1107;5;0.4
mojoBrendan;1096;1;1.0
Andreone;1091;1;1.0
Gachapen;1090;1;1.0
olivier80;1071;1;1.0
richardeakin;1080;1;1.0
0x414c;1057;1;1.0
dschmidt;1054;1;1.0
pkestene;1044;1;1.0
manylegged;1021;1;1.0
effzeh;1014;1;1.0
chronoxor;700;14;203;9;28;22;14;20;991;0.008072653884964682
ginggs;1008;1;1.0
zhaohuaxishi;1004;1;1.0
Quentin01;987;1;1.0
AndreasSchoenle;563;421;565;0.005309734513274336
trozen;975;1;1.0
bjoernthiel;971;1;1.0
niosHD;967;1;1.0
ibell;961;1;1.0
maddinat0r;934;1;1.0
evgen231;924;1;1.0
alexanderbock;7;915;9;0.3333333333333333
bylee20;917;1;1.0
rollbear;912;1;1.0
Manu343726;8;878;9;0.2222222222222222
Yelnats321;863;1;1.0
yumetodo;823;1;1.0
ludekvodicka;815;1;1.0
virgiliofornazin;41;760;42;0.047619047619047616
jpcima;794;1;1.0
mikecrowe;793;1;1.0
aroig;14;767;15;0.13333333333333333
mihaitodor;779;1;1.0
WPMGPRoSToTeMa;770;1;1.0
timblechmann;749;1;1.0
codicodi;1193;1;1.0
peterbell10;725;1;1.0
cowo78;718;1;1.0
hubslave;696;1;1.0
johnthagen;21;673;22;0.09090909090909091
vgalka-sl;674;1;1.0
eliaskosunen;38;9;6;30;237;3;2;346;326;0.024539877300613498
Kronuz;660;1;1.0
sebkoenig;658;1;1.0
christianparpart;645;1;1.0
DanielaE;8;4;140;8;2;3;7;16;31;6;30;11;12;9;2;331;12;626;0.03514376996805112
dankm;617;1;1.0
Remotion;28;585;31;0.12903225806451613
sv1990;611;1;1.0
drrlvn;589;1;1.0
gabime;29;424;131;454;0.006607929515418502
DhruvParanjape;566;1;1.0
0x8000-0000;151;18;342;3;45;516;0.011627906976744186
mkurdej;555;1;1.0
MikePopoloski;544;2;1.0
CandyGumdrop;481;1;1.0
stevenhoving;472;1;1.0
kookjr;464;1;1.0
superfunc;464;1;1.0
DarkDimius;462;1;1.0
tchaikov;460;1;1.0
colemickens;448;1;1.0
XZiar;445;2;1.0
tnovotny;419;1;1.0
hotwatermorning;411;1;1.0
liuping1997;407;1;1.0
Rakete1111;3;6;396;10;0.3
HecticSerenity;397;1;1.0
Naios;381;1;1.0
stryku;175;239;176;0.011363636363636364
morinmorin;3;343;4;0.5
mikelui;327;1;1.0
bricciardelli;23;303;24;0.08333333333333333
abolz;323;1;1.0
gawain-bolton;5;315;6;0.3333333333333333
waywardmonkeys;29;141;141;171;0.017543859649122806
jasonszang;308;1;1.0
olafhering;296;1;1.0
remyabel2;290;1;1.0
Lectem;6;283;7;0.2857142857142857
sighingnow;272;1;1.0
denchat;5;4;3;246;13;0.3076923076923077
gsjaardema;116;113;28;230;0.013043478260869565
rcane;255;1;1.0
mocabe;26;226;27;0.07407407407407407
cjdb;228;1;1.0
HazardyKnusperkeks;205;1;1.0
vedranmiletic;79;118;80;0.025
jackoalan;10;68;106;79;0.0379746835443038
sdebionne;155;1;1.0
hhb;141;1;1.0
agmt;137;1;1.0
neheb;18;52;69;71;0.04225352112676056
dkavolis;113;1;1.0
jeremyong;111;1;1.0
orivej;2;2;95;5;0.6
tankiJong;97;1;1.0
kent-tri;86;1;1.0
tajtiattila;74;1;1.0
skrdaniel;74;1;1.0
tdegeus;60;1;1.0
dlaugt;63;1;1.0
leonklingele;57;1;1.0
robquant;47;1;1.0
bbolli;44;1;1.0
egorpugin;43;1;1.0
federico-busato;35;1;1.0
iPherian;33;1;1.0
parkertomatoes;30;1;1.0
imba-tjd;29;1;1.0
torsten48;6;1;1.0
tohammer;2;1;1.0
rxi;73;208;74;0.02702702702702703
seltzered;763;1;1.0
TheLastProject;589;1;1.0
andreyvit;475;1;1.0
aonez;10;2;5;4;34;20;302;4;19;71;405;0.0345679012345679
sidney;465;1;1.0
nunopedrosa;418;2;1.0
remram44;398;1;1.0
fuzzmz;98;1;1.0
jakob;91;1;1.0
ecdye;77;1;1.0
apjanke;71;1;1.0
