asterite;2014-11-07/2015-05-31;2015-05-31/2015-09-11;2015-09-11/2015-09-13;2015-09-13/2015-09-16;2015-09-18/2015-09-21;2015-09-21/2015-09-23;2015-09-23/2015-10-09;2015-10-09/2015-10-22;2015-10-22/2015-10-30;2015-10-30/2015-11-03;2015-11-03/2015-11-06;2015-11-06/2015-11-10;2015-11-10/2015-12-23;2015-12-23/2016-01-24;2016-01-24/2016-03-11;2016-03-11/2016-03-22;2016-03-22/2016-04-05;2016-04-05/2016-04-12;2016-04-13/2016-04-26;2016-04-26/2016-05-06;2016-05-06/2016-05-23;2016-05-23/2016-06-15;2016-06-15/2016-06-29;2016-06-29/2016-07-17;2016-07-17/2016-08-05;2016-08-05/2016-09-12;2016-09-12/2016-10-08;2016-10-08/2017-01-19;2017-01-19/2017-02-07;2017-02-07/2020-01-15
waj;2014-12-09/2020-01-15
ysbaddaden;2015-10-10/2015-12-23;2015-12-23/2016-03-10;2016-03-11/2018-07-19;2018-07-19/2020-01-15
oprypin;2016-03-22/2016-04-05;2016-04-05/2020-01-15
brandondrew;2016-06-29/2020-01-15
maiha;2016-07-17/2020-01-15
splattael;2016-08-03/2016-12-04;2016-12-04/2020-01-15
danny8376;2017-01-17/2020-01-15
olbat;2017-02-01/2017-02-13;2017-02-13/2017-03-06;2017-03-06/2017-03-16;2017-03-16/2017-05-17;2017-05-17/2017-06-09;2017-06-09/2017-07-21;2017-07-21/2018-07-03;2018-07-04/2018-07-10;2018-07-11/2018-08-21;2018-08-22/2018-09-10;2018-09-10/2018-10-13;2018-10-13/2019-07-14;2019-07-14/2019-07-16;2019-07-16/2019-07-28;2019-07-28/2020-01-19;2020-01-19/2020-03-01;2020-03-01/2021-04-14;2021-04-14/2020-01-15
Fryguy;2018-08-17/2020-01-15
RX14;2018-09-03/2019-09-18;2019-09-18/2020-01-15
bcardiff;2018-10-25/2020-06-09;2020-06-09/2021-01-25;2021-01-25/2020-01-15
stakach;2022-11-19/2020-01-15
vaartis;2020-12-06/2020-01-15
watzon;2020-06-09/2020-01-15
zph;2019-07-24/2020-01-15
samis;2015-12-05/2020-01-15
bebac;2015-07-25/2020-01-15
