cpw;2013-06-26/2013-06-29;2013-06-29/2013-07-02;2013-07-02/2013-07-07;2013-07-07/2013-08-01;2013-08-01/2013-09-16;2013-09-16/2013-09-18;2013-09-18/2013-09-24;2013-09-24/2014-09-14;2014-09-14/2023-09-01
jeffreykog;2013-07-02/2023-09-01
LexManos;2013-07-02/2013-08-06;2013-08-06/2013-09-25;2013-09-25/2013-10-01;2013-10-01/2013-12-09;2013-12-09/2014-05-23;2014-05-23/2014-08-18;2014-08-18/2014-08-25;2014-08-25/2014-11-10;2014-11-10/2015-01-30;2015-01-30/2015-02-23;2015-02-23/2015-04-17;2015-04-17/2015-11-28;2015-11-28/2016-05-28;2016-05-28/2016-05-31;2016-05-31/2016-06-30;2016-06-30/2016-11-15;2016-11-17/2016-12-19;2016-12-19/2017-03-18;2017-03-18/2018-08-13;2018-08-13/2018-09-26;2018-09-26/2018-09-28;2018-09-30/2018-10-02;2018-10-02/2018-12-13;2018-12-13/2019-06-14;2019-06-14/2021-05-01;2021-05-01/2021-07-12;2021-07-14/2021-10-24;2021-10-24/2021-11-01;2021-11-02/2023-04-07;2023-04-07/2023-09-01
AbrarSyed;2013-07-02/2023-09-01
yuuka-miya;2013-07-05/2023-09-01
Mumfrey;2014-08-22/2023-09-01
Nidan;2014-11-10/2023-09-01
boq;2015-01-30/2023-09-01
MAlden94;2015-02-23/2023-09-01
marvin-roesch;2016-11-27/2023-09-01
diesieben07;2017-02-12/2020-12-25;2020-12-25/2023-09-01
tterrag1098;2018-09-29/2023-09-01
Barteks2x;2019-02-16/2019-10-14;2019-10-14/2023-09-01
bs2609;2019-02-19/2023-09-01
ichttt;2019-09-05/2019-10-14;2019-10-14/2021-11-02;2021-11-02/2023-09-01
sammko;2020-07-13/2023-09-01
TheCurle;2020-11-25/2023-09-01
PaintNinja;2021-05-01/2021-05-11;2021-05-11/2022-06-13;2022-06-13/2023-09-01
SizableShrimp;2021-06-17/2021-06-24;2021-06-24/2023-09-01
DaemonUmbra;2021-07-28/2023-09-01
