LexManos;2012-02-03/2012-02-07;2012-02-07/2012-02-10;2012-02-10/2012-02-13;2012-02-15/2012-02-17;2012-02-18/2012-02-21;2012-02-25/2012-02-29;2012-03-01/2012-03-04;2012-03-07/2012-03-09;2012-03-12/2012-03-14;2012-03-14/2012-03-17;2012-03-21/2012-03-23;2012-03-23/2012-03-26;2012-03-27/2012-04-02;2012-04-02/2012-04-05;2012-04-08/2012-04-10;2012-04-10/2012-04-12;2012-04-17/2012-04-19;2012-04-20/2012-04-23;2012-04-27/2012-04-29;2012-04-29/2012-05-02;2012-05-02/2012-05-06;2012-05-06/2012-05-10;2012-05-10/2012-05-24;2012-05-27/2012-06-03;2012-06-03/2012-06-05;2012-06-06/2012-06-10;2012-06-12/2012-06-14;2012-06-16/2012-06-18;2012-06-21/2012-06-23;2012-06-24/2012-06-26;2012-06-29/2012-07-01;2012-07-01/2012-07-03;2012-07-04/2012-07-09;2012-07-11/2012-07-13;2012-07-13/2012-08-01;2012-08-25/2012-08-28;2012-08-28/2012-09-06;2012-09-06/2012-09-09;2012-09-09/2012-09-11;2012-09-12/2012-09-16;2012-09-17/2012-09-19;2012-09-19/2012-09-21;2012-09-21/2012-09-23;2012-09-23/2012-09-25;2012-09-28/2012-09-30;2012-09-30/2012-10-02;2012-10-02/2012-10-08;2012-10-08/2012-10-12;2012-10-12/2012-10-15;2012-10-15/2012-10-18;2012-10-24/2012-10-27;2012-10-29/2012-10-31;2012-10-31/2012-11-03;2012-11-04/2012-11-06;2012-11-06/2012-11-09;2012-11-10/2012-11-13;2012-11-13/2012-11-15;2012-11-15/2012-11-18;2012-11-22/2012-11-27;2012-11-29/2012-12-01;2012-12-01/2012-12-03;2012-12-04/2012-12-07;2012-12-07/2012-12-09;2012-12-10/2012-12-12;2012-12-13/2012-12-16;2012-12-20/2012-12-24;2012-12-28/2013-01-02;2013-01-02/2013-01-07;2013-01-07/2013-01-11;2013-01-13/2013-01-24;2013-01-24/2013-01-28;2013-01-29/2013-02-02;2013-02-02/2013-02-04;2013-02-11/2013-02-15;2013-02-15/2013-02-17;2013-02-17/2013-02-22;2013-02-23/2013-02-25;2013-02-28/2013-03-02;2013-03-05/2013-03-07;2013-03-07/2013-03-09;2013-03-09/2013-03-11;2013-03-13/2013-03-16;2013-03-21/2013-03-26;2013-03-27/2013-04-03;2013-04-05/2013-04-08;2013-04-08/2013-04-10;2013-04-12/2013-04-15;2013-04-15/2013-04-17;2013-04-21/2013-04-24;2013-04-24/2013-04-26;2013-04-26/2013-04-28;2013-04-29/2013-05-01;2013-05-03/2013-05-05;2013-05-05/2013-05-07;2013-05-09/2013-05-11;2013-05-11/2013-05-14;2013-05-14/2013-05-19;2013-05-19/2013-05-21;2013-05-22/2013-05-24;2013-05-24/2013-05-27;2013-05-27/2013-06-02;2013-06-03/2013-06-08;2013-06-10/2013-06-14;2013-06-15/2013-06-17;2013-06-17/2013-06-20;2013-06-20/2013-06-24;2013-06-24/2013-06-28;2013-07-07/2013-07-09;2013-07-12/2013-07-15;2013-07-17/2013-07-21;2013-07-22/2013-07-24;2013-07-24/2013-08-04;2013-08-04/2013-08-06;2013-08-06/2013-08-08;2013-08-08/2013-08-11;2013-08-11/2013-08-13;2013-08-13/2013-08-19;2013-08-19/2013-09-06;2013-09-06/2013-09-18;2013-09-19/2013-09-25;2013-09-25/2013-09-29;2013-10-01/2013-10-06;2013-10-07/2013-10-09;2013-10-10/2013-10-13;2013-10-13/2013-10-19;2013-10-20/2013-10-27;2013-10-28/2013-10-30;2013-10-30/2013-11-08;2013-11-12/2013-11-16;2013-11-21/2013-12-09;2013-12-10/2013-12-12;2013-12-13/2013-12-18;2013-12-18/2013-12-21;2013-12-25/2013-12-31;2014-01-01/2014-01-04;2014-01-07/2014-01-12;2014-01-12/2014-01-14;2014-01-15/2014-01-18;2014-01-18/2014-01-20;2014-01-20/2014-01-22;2014-01-22/2014-01-25;2014-01-25/2014-01-29;2014-01-31/2014-02-04;2014-02-05/2014-02-08;2014-02-08/2014-02-10;2014-02-13/2014-02-19;2014-02-21/2014-02-23;2014-02-25/2014-02-28;2014-03-01/2014-03-04;2014-03-04/2014-03-09;2014-03-11/2014-03-15;2014-03-19/2014-03-21;2014-03-21/2014-03-26;2014-03-26/2014-03-31;2014-04-01/2014-04-03;2014-04-04/2014-04-06;2014-04-07/2014-04-15;2014-04-15/2014-04-17;2014-04-17/2014-04-20;2014-04-20/2014-04-29;2014-04-30/2014-05-06;2014-05-09/2014-05-12;2014-05-12/2014-05-14;2014-05-14/2014-05-18;2014-05-19/2014-05-22;2014-05-26/2014-05-28;2014-05-30/2014-06-02;2014-06-03/2014-06-05;2014-06-05/2014-06-11;2014-06-13/2014-06-15;2014-06-15/2014-06-17;2014-06-17/2014-06-19;2014-06-19/2014-06-21;2014-06-21/2014-06-24;2014-06-24/2014-06-26;2014-06-26/2014-06-29;2014-07-03/2014-07-05;2014-07-08/2014-07-12;2014-07-18/2014-07-28;2014-07-28/2014-07-30;2014-07-30/2014-08-02;2014-08-07/2014-08-10;2014-08-13/2014-08-15;2014-08-15/2014-08-18;2014-08-18/2014-08-20;2014-08-20/2014-08-25;2014-08-25/2014-09-06;2014-09-06/2014-09-09;2014-09-10/2014-09-16;2014-09-16/2014-09-20;2014-09-20/2014-09-23;2014-09-23/2014-09-30;2014-10-04/2014-10-06;2014-10-06/2014-10-09;2014-10-09/2014-10-11;2014-10-11/2014-10-13;2014-10-17/2014-10-20;2014-10-20/2014-10-22;2014-10-22/2014-11-05;2014-11-05/2014-11-08;2014-11-08/2014-11-10;2014-11-11/2014-11-26;2014-11-26/2014-11-28;2014-11-28/2014-11-30;2014-12-03/2014-12-07;2014-12-08/2014-12-10;2014-12-12/2014-12-14;2014-12-15/2014-12-18;2014-12-18/2014-12-22;2014-12-23/2014-12-25;2014-12-25/2014-12-28;2014-12-28/2015-01-09;2015-01-09/2015-01-11;2015-01-11/2015-01-15;2015-01-16/2015-01-18;2015-01-19/2015-01-23;2015-01-23/2015-01-29;2015-02-07/2015-02-09;2015-02-09/2015-02-13;2015-02-13/2015-02-15;2015-02-17/2015-02-19;2015-02-20/2015-02-22;2015-02-23/2015-02-27;2015-02-27/2015-03-01;2015-03-02/2015-03-04;2015-03-05/2015-03-11;2015-03-11/2015-03-16;2015-03-16/2015-03-19;2015-03-19/2015-03-21;2015-03-21/2015-03-24;2015-03-24/2015-03-27;2015-03-28/2015-04-02;2015-04-02/2015-04-04;2015-04-04/2015-04-08;2015-04-10/2015-04-14;2015-04-14/2015-04-17;2015-04-17/2015-04-22;2015-04-22/2015-04-24;2015-04-24/2015-04-26;2015-04-27/2015-04-29;2015-04-29/2015-05-02;2015-05-02/2015-05-10;2015-05-10/2015-05-17;2015-05-18/2015-05-20;2015-05-21/2015-05-25;2015-05-25/2015-05-27;2015-05-27/2015-06-02;2015-06-02/2015-06-04;2015-06-05/2015-06-07;2015-06-10/2015-06-13;2015-06-13/2015-06-15;2015-06-19/2015-06-21;2015-06-21/2015-06-23;2015-06-24/2015-06-26;2015-06-27/2015-07-16;2015-07-16/2015-07-21;2015-07-21/2015-07-23;2015-07-25/2015-07-31;2015-08-07/2015-08-09;2015-08-10/2015-08-13;2015-08-14/2015-08-23;2015-08-23/2015-08-25;2015-08-25/2015-09-01;2015-09-01/2015-09-09;2015-09-09/2015-09-12;2015-09-12/2015-09-14;2015-09-14/2015-09-18;2015-09-18/2015-09-22;2015-09-22/2015-09-27;2015-09-28/2015-10-02;2015-10-02/2015-10-04;2015-10-05/2015-10-09;2015-10-09/2015-10-11;2015-10-12/2015-10-14;2015-10-15/2015-10-20;2015-10-20/2015-10-22;2015-10-22/2015-10-28;2015-10-29/2015-11-02;2015-11-02/2015-11-04;2015-11-06/2015-11-08;2015-11-08/2015-11-11;2015-11-12/2015-11-14;2015-11-14/2015-11-17;2015-11-18/2015-11-20;2015-11-21/2015-11-24;2015-11-24/2015-11-27;2015-11-29/2015-12-02;2015-12-02/2015-12-08;2015-12-08/2015-12-10;2015-12-10/2015-12-12;2015-12-14/2015-12-19;2015-12-19/2015-12-21;2015-12-22/2015-12-27;2015-12-28/2015-12-30;2015-12-31/2016-01-02;2016-01-02/2016-01-08;2016-01-14/2016-01-17;2016-01-17/2016-01-19;2016-01-19/2016-01-21;2016-01-21/2016-01-24;2016-01-25/2016-02-02;2016-02-02/2016-02-04;2016-02-04/2016-02-06;2016-02-07/2016-02-10;2016-02-10/2016-02-12;2016-02-13/2016-02-15;2016-02-15/2016-02-17;2016-02-19/2016-02-22;2016-02-23/2016-02-25;2016-02-25/2016-02-27;2016-02-27/2016-02-29;2016-03-03/2016-03-05;2016-03-05/2016-03-07;2016-03-09/2016-03-13;2016-03-15/2016-03-17;2016-03-18/2016-03-20;2016-03-25/2016-03-30;2016-03-30/2016-04-01;2016-04-07/2016-04-10;2016-04-10/2016-04-19;2016-04-20/2016-04-28;2016-04-28/2016-05-02;2016-05-05/2016-05-08;2016-05-09/2016-05-11;2016-05-11/2016-05-15;2016-05-15/2016-05-17;2016-05-19/2016-05-23;2016-05-24/2016-05-28;2016-05-29/2016-05-31;2016-06-04/2016-06-13;2016-06-13/2016-06-18;2016-06-18/2016-06-23;2016-06-25/2016-06-29;2016-07-01/2016-07-03;2016-07-03/2016-07-07;2016-07-07/2016-07-11;2016-07-11/2016-07-13;2016-07-13/2016-07-29;2016-07-31/2016-08-02;2016-08-02/2016-08-09;2016-08-10/2016-08-12;2016-08-15/2016-08-17;2016-08-19/2016-08-21;2016-08-22/2016-08-26;2016-08-27/2016-08-29;2016-08-30/2016-09-07;2016-09-08/2016-09-11;2016-09-12/2016-09-14;2016-09-14/2016-09-17;2016-09-17/2016-10-08;2016-10-09/2016-10-11;2016-10-11/2016-10-21;2016-10-25/2016-11-15;2016-11-18/2016-11-21;2016-11-22/2016-11-24;2016-11-25/2016-11-27;2016-11-27/2016-11-29;2016-11-29/2016-12-05;2016-12-06/2016-12-09;2016-12-09/2016-12-16;2016-12-16/2016-12-19;2016-12-19/2016-12-27;2016-12-27/2017-01-17;2017-01-17/2017-02-12;2017-02-12/2017-02-14;2017-02-14/2017-02-21;2017-02-24/2017-03-15;2017-03-15/2017-03-18;2017-03-18/2017-03-23;2017-03-23/2017-03-31;2017-03-31/2017-04-05;2017-04-06/2017-04-08;2017-04-08/2017-04-10;2017-04-10/2017-04-12;2017-04-13/2017-04-18;2017-04-21/2017-04-25;2017-04-25/2017-05-10;2017-05-11/2017-05-14;2017-05-14/2017-05-26;2017-05-26/2017-06-01;2017-06-02/2017-06-05;2017-06-05/2017-06-11;2017-06-11/2017-06-14;2017-06-16/2017-06-19;2017-06-21/2017-06-23;2017-06-29/2017-07-05;2017-07-05/2017-07-07;2017-07-08/2017-07-13;2017-07-14/2017-07-18;2017-07-18/2017-08-04;2017-08-04/2017-08-09;2017-08-09/2017-08-15;2017-08-15/2017-08-22;2017-08-22/2017-08-24;2017-08-24/2017-08-30;2017-08-30/2017-09-11;2017-09-11/2017-09-14;2017-09-14/2017-09-16;2017-09-16/2017-09-18;2017-09-18/2017-09-25;2017-09-25/2017-10-01;2017-10-01/2017-10-31;2017-10-31/2017-11-14;2017-11-14/2017-11-18;2017-11-18/2017-11-22;2017-11-22/2017-11-25;2017-11-27/2017-12-01;2017-12-01/2017-12-07;2017-12-08/2017-12-12;2017-12-14/2017-12-19;2017-12-19/2017-12-21;2017-12-21/2018-01-18;2018-01-18/2018-02-03;2018-02-03/2018-02-06;2018-02-07/2018-02-15;2018-02-15/2018-02-22;2018-02-23/2018-02-26;2018-02-26/2018-03-01;2018-03-01/2018-03-08;2018-03-11/2018-03-15;2018-03-15/2018-03-20;2018-03-22/2018-03-24;2018-03-24/2018-03-27;2018-03-27/2018-04-02;2018-04-04/2018-04-06;2018-04-06/2018-04-10;2018-04-11/2018-04-15;2018-04-16/2018-04-18;2018-04-18/2018-04-22;2018-04-22/2018-04-25;2018-04-25/2018-04-28;2018-04-28/2018-04-30;2018-04-30/2018-05-10;2018-05-10/2018-05-14;2018-05-14/2018-05-16;2018-05-16/2018-05-20;2018-05-20/2018-05-22;2018-05-22/2018-05-24;2018-05-26/2018-06-01;2018-06-01/2018-06-05;2018-06-05/2018-06-14;2018-06-14/2018-06-21;2018-06-22/2018-06-27;2018-06-27/2018-07-01;2018-07-01/2018-07-03;2018-07-03/2018-07-08;2018-07-08/2018-07-10;2018-07-10/2018-07-16;2018-07-25/2018-08-01;2018-08-01/2018-08-03;2018-08-03/2018-08-06;2018-08-06/2018-08-13;2018-08-20/2018-08-22;2018-08-22/2018-08-25;2018-08-25/2018-08-27;2018-08-29/2018-09-04;2018-09-07/2018-09-09;2018-09-13/2018-09-15;2018-09-23/2018-09-25;2018-09-26/2018-09-28;2018-10-02/2018-10-04;2018-10-05/2018-10-09;2018-10-13/2018-10-17;2018-10-19/2018-11-02;2018-11-03/2018-11-05;2018-11-08/2018-11-10;2018-11-10/2018-11-13;2018-11-15/2018-11-17;2018-11-17/2018-11-20;2018-11-20/2018-11-22;2018-11-22/2018-11-29;2018-11-29/2018-12-04;2018-12-08/2018-12-11;2018-12-13/2018-12-16;2018-12-16/2018-12-18;2018-12-19/2018-12-22;2018-12-22/2018-12-24;2018-12-24/2019-01-01;2019-01-01/2019-01-07;2019-01-12/2019-01-16;2019-01-16/2019-01-23;2019-01-25/2019-01-27;2019-01-29/2019-02-01;2019-02-01/2019-02-05;2019-02-09/2019-02-13;2019-02-14/2019-02-17;2019-02-17/2019-02-19;2019-02-19/2019-02-21;2019-02-22/2019-02-25;2019-02-25/2019-02-27;2019-02-28/2019-03-06;2019-03-08/2019-03-11;2019-03-11/2019-03-13;2019-03-13/2019-03-18;2019-03-20/2019-04-17;2019-04-17/2019-04-23;2019-04-24/2019-04-26;2019-04-26/2019-05-01;2019-05-01/2019-05-03;2019-05-03/2019-05-06;2019-05-06/2019-05-08;2019-05-09/2019-05-13;2019-05-15/2019-05-22;2019-05-24/2019-05-27;2019-05-28/2019-05-31;2019-05-31/2019-06-03;2019-06-04/2019-06-08;2019-06-10/2019-06-13;2019-06-14/2019-06-16;2019-06-18/2019-06-20;2019-06-20/2019-06-24;2019-06-28/2019-07-02;2019-07-03/2019-07-05;2019-07-05/2019-07-09;2019-07-11/2019-07-15;2019-07-20/2019-07-22;2019-07-22/2019-07-24;2019-07-24/2019-07-26;2019-07-27/2019-07-31;2019-08-03/2019-08-14;2019-08-14/2019-08-16;2019-08-16/2019-08-20;2019-08-20/2019-08-28;2019-08-28/2019-09-03;2019-09-05/2019-09-07;2019-09-07/2019-09-09;2019-09-13/2019-09-17;2019-09-17/2019-09-20;2019-09-20/2019-09-23;2019-09-24/2019-10-02;2019-10-02/2019-10-04;2019-10-04/2019-10-25;2019-10-25/2019-10-28;2019-10-28/2019-10-31;2019-10-31/2019-11-05;2019-11-06/2019-11-26;2019-11-26/2019-11-30;2019-11-30/2019-12-02;2019-12-02/2019-12-05;2019-12-05/2019-12-09;2019-12-11/2019-12-13;2019-12-13/2019-12-17;2019-12-17/2020-01-03;2020-01-03/2020-01-11;2020-01-11/2020-01-22;2020-01-22/2020-01-29;2020-01-29/2020-02-03;2020-02-03/2020-02-07;2020-02-07/2020-02-10;2020-02-10/2020-02-19;2020-02-21/2020-02-23;2020-02-25/2020-02-27;2020-02-27/2020-03-08;2020-03-08/2020-03-10;2020-03-11/2020-03-15;2020-03-15/2020-04-01;2020-04-04/2020-04-10;2020-04-10/2020-04-14;2020-04-15/2020-04-23;2020-04-23/2020-04-25;2020-04-26/2020-05-12;2020-05-12/2020-05-15;2020-05-15/2020-05-19;2020-05-20/2020-05-25;2020-05-25/2020-06-03;2020-06-05/2020-06-08;2020-06-14/2020-06-16;2020-06-19/2020-06-22;2020-06-22/2020-06-24;2020-06-26/2020-06-28;2020-06-30/2020-07-13;2020-07-13/2020-07-16;2020-07-16/2020-07-22;2020-07-22/2020-07-27;2020-07-28/2020-08-07;2020-08-07/2020-08-11;2020-08-14/2020-08-18;2020-08-21/2020-08-26;2020-08-26/2020-09-01;2020-09-03/2020-09-10;2020-09-11/2020-09-15;2020-09-15/2020-09-24;2020-09-24/2020-10-03;2020-10-03/2020-10-09;2020-10-09/2020-10-15;2020-10-16/2020-10-18;2020-10-18/2020-10-20;2020-10-20/2020-10-22;2020-10-22/2020-10-26;2020-10-26/2020-10-28;2020-10-28/2020-11-02;2020-11-02/2020-11-10;2020-11-10/2020-11-20;2020-11-20/2020-12-01;2020-12-01/2020-12-26;2020-12-26/2021-01-03;2021-01-03/2021-01-05;2021-01-06/2021-01-12;2021-01-15/2021-01-18;2021-01-18/2021-01-23;2021-01-23/2021-01-26;2021-01-27/2021-01-30;2021-01-30/2021-02-03;2021-02-03/2021-02-07;2021-02-07/2021-02-12;2021-02-12/2021-02-18;2021-02-18/2021-02-22;2021-02-22/2021-03-03;2021-03-03/2021-03-09;2021-03-09/2021-03-11;2021-03-12/2021-03-15;2021-03-15/2021-04-03;2021-04-03/2021-04-15;2021-04-15/2021-04-20;2021-04-23/2021-04-25;2021-04-25/2021-05-01;2021-05-01/2021-05-05;2021-05-05/2021-05-07;2021-05-07/2021-05-09;2021-05-09/2021-05-12;2021-05-12/2021-05-15;2021-05-15/2021-05-23;2021-05-23/2021-05-26;2021-05-26/2021-06-03;2021-06-04/2021-06-08;2021-06-10/2021-06-14;2021-06-16/2021-06-25;2021-06-26/2021-06-28;2021-06-28/2021-07-05;2021-07-06/2021-07-12;2021-07-14/2021-07-17;2021-07-17/2021-07-20;2021-07-20/2021-07-22;2021-07-22/2021-07-24;2021-07-24/2021-07-26;2021-07-26/2021-08-04;2021-08-04/2021-08-10;2021-08-10/2021-08-22;2021-08-22/2021-08-24;2021-08-24/2021-08-28;2021-08-31/2021-09-02;2021-09-02/2021-09-14;2021-09-15/2021-09-18;2021-09-18/2021-10-01;2021-10-01/2021-10-06;2021-10-06/2021-10-12;2021-10-13/2021-10-15;2021-10-15/2021-10-17;2021-10-17/2021-10-19;2021-10-19/2021-10-24;2021-10-24/2021-11-01;2021-11-02/2021-11-11;2021-11-13/2021-11-17;2021-11-17/2021-11-22;2021-11-22/2021-11-25;2021-11-25/2021-11-28;2021-12-02/2021-12-10;2021-12-10/2022-01-20;2022-01-20/2022-01-28;2022-01-28/2022-02-22;2022-02-23/2022-02-26;2022-02-26/2022-02-28;2022-02-28/2022-03-02;2022-03-02/2022-04-01;2022-04-01/2022-04-05;2022-04-07/2022-04-14;2022-04-14/2022-04-18;2022-04-18/2022-05-07;2022-05-07/2022-05-16;2022-05-16/2022-05-19;2022-05-19/2022-05-21;2022-05-21/2022-05-23;2022-05-24/2022-05-26;2022-05-26/2022-05-28;2022-05-28/2022-06-01;2022-06-01/2022-06-07;2022-06-07/2022-06-09;2022-06-09/2022-06-14;2022-06-14/2022-06-17;2022-06-17/2022-06-26;2022-06-26/2022-07-07;2022-07-07/2022-07-11;2022-07-11/2022-07-25;2022-07-25/2022-07-27;2022-07-27/2022-07-31;2022-07-31/2022-08-05;2022-08-05/2022-08-08;2022-08-09/2022-08-12;2022-08-12/2022-08-14;2022-08-14/2022-08-16;2022-08-17/2022-09-09;2022-09-09/2022-12-08;2022-12-10/2022-12-12;2022-12-12/2023-01-06;2023-01-06/2023-01-09;2023-01-09/2023-01-17;2023-01-20/2023-01-22;2023-01-22/2023-02-01;2023-02-01/2023-03-15;2023-03-16/2023-03-28;2023-03-30/2023-04-05;2023-04-07/2023-06-07;2023-06-09/2023-06-12;2023-06-12/2023-06-20;2023-06-20/2023-07-03;2023-07-07/2023-07-11;2023-07-11/2023-07-14;2023-07-15/2023-07-18;2023-07-19/2023-07-22;2023-07-22/2023-07-31;2023-07-31/2023-09-01
Eloraam;2012-02-21/2012-03-12;2012-03-12/2012-03-14;2012-03-14/2023-09-01
CovertJaguar;2012-03-10/2012-03-15;2012-03-15/2012-03-19;2012-03-19/2012-03-23;2012-03-23/2012-04-12;2012-04-12/2012-04-29;2012-04-29/2012-09-14;2012-09-14/2012-09-17;2012-09-17/2012-10-28;2012-10-28/2013-01-07;2013-01-07/2013-01-12;2013-01-12/2013-01-18;2013-01-18/2013-04-30;2013-04-30/2013-05-11;2013-05-11/2013-07-27;2013-07-27/2013-09-13;2013-09-13/2013-09-24;2013-09-24/2013-11-12;2013-11-12/2014-04-29;2014-04-29/2015-01-07;2015-01-07/2016-03-02;2016-03-02/2016-03-20;2016-03-21/2023-09-01
cpw;2012-03-13/2012-03-28;2012-03-28/2012-03-30;2012-04-06/2012-04-08;2012-04-09/2012-04-11;2012-04-11/2012-04-14;2012-04-16/2012-04-18;2012-04-18/2012-04-20;2012-04-20/2012-04-26;2012-04-26/2012-04-28;2012-04-28/2012-05-03;2012-05-07/2012-05-10;2012-05-19/2012-05-25;2012-05-27/2012-05-30;2012-05-30/2012-06-01;2012-06-04/2012-06-07;2012-06-09/2012-06-14;2012-06-14/2012-06-17;2012-06-17/2012-06-20;2012-06-22/2012-06-26;2012-06-30/2012-07-02;2012-07-06/2012-07-09;2012-07-10/2012-07-14;2012-07-14/2012-07-22;2012-07-24/2012-07-30;2012-08-02/2012-08-04;2012-08-04/2012-08-06;2012-08-19/2012-08-21;2012-08-29/2012-08-31;2012-09-04/2012-09-06;2012-09-10/2012-09-15;2012-09-15/2012-09-17;2012-09-17/2012-09-19;2012-09-19/2012-09-21;2012-09-29/2012-10-02;2012-10-04/2012-10-07;2012-10-07/2012-10-12;2012-10-12/2012-10-14;2012-10-14/2012-10-16;2012-10-27/2012-10-29;2012-11-04/2012-11-08;2012-11-20/2012-11-24;2012-11-24/2012-12-02;2012-12-04/2012-12-06;2012-12-07/2012-12-10;2012-12-13/2012-12-16;2012-12-24/2012-12-26;2012-12-26/2012-12-28;2012-12-29/2012-12-31;2012-12-31/2013-01-08;2013-01-08/2013-01-11;2013-01-12/2013-01-15;2013-01-15/2013-01-19;2013-01-20/2013-01-22;2013-01-22/2013-01-24;2013-01-24/2013-01-26;2013-01-31/2013-02-02;2013-02-02/2013-02-04;2013-02-04/2013-02-06;2013-02-07/2013-02-16;2013-02-17/2013-02-23;2013-02-23/2013-02-26;2013-02-26/2013-02-28;2013-02-28/2013-03-02;2013-03-16/2013-03-18;2013-03-18/2013-03-21;2013-03-24/2013-03-27;2013-03-31/2013-04-10;2013-04-11/2013-04-15;2013-04-18/2013-04-21;2013-04-24/2013-04-26;2013-04-27/2013-04-30;2013-04-30/2013-05-11;2013-05-11/2013-05-15;2013-05-16/2013-05-21;2013-05-21/2013-05-27;2013-05-27/2013-05-29;2013-05-29/2013-06-02;2013-06-02/2013-06-04;2013-06-06/2013-06-10;2013-06-15/2013-06-24;2013-06-24/2013-06-26;2013-06-27/2013-06-29;2013-07-03/2013-07-07;2013-07-11/2013-07-14;2013-07-14/2013-07-28;2013-07-28/2013-07-31;2013-08-01/2013-08-04;2013-08-05/2013-08-16;2013-08-21/2013-08-23;2013-08-23/2013-08-27;2013-08-29/2013-09-02;2013-09-03/2013-09-05;2013-09-07/2013-09-14;2013-09-14/2013-09-16;2013-09-16/2013-09-18;2013-09-21/2013-09-23;2013-09-27/2013-09-29;2013-09-29/2013-10-04;2013-10-04/2013-10-06;2013-10-06/2013-10-09;2013-10-10/2013-10-12;2013-10-15/2013-10-20;2013-10-20/2013-10-27;2013-10-27/2013-10-31;2013-10-31/2013-11-06;2013-11-06/2013-11-08;2013-11-10/2013-11-12;2013-11-14/2013-11-27;2013-11-27/2013-12-03;2013-12-04/2013-12-06;2013-12-06/2013-12-09;2013-12-13/2013-12-16;2013-12-18/2013-12-24;2013-12-24/2013-12-26;2013-12-28/2013-12-30;2014-01-04/2014-01-07;2014-01-07/2014-01-09;2014-01-09/2014-01-12;2014-01-13/2014-01-15;2014-01-21/2014-01-25;2014-01-25/2014-02-01;2014-02-02/2014-02-05;2014-02-05/2014-02-08;2014-02-09/2014-02-14;2014-02-14/2014-02-16;2014-02-16/2014-02-19;2014-02-19/2014-04-19;2014-04-19/2014-04-26;2014-04-26/2014-04-28;2014-04-28/2014-04-30;2014-05-01/2014-05-08;2014-05-08/2014-05-10;2014-05-10/2014-05-12;2014-05-14/2014-05-17;2014-05-17/2014-05-24;2014-05-27/2014-05-31;2014-05-31/2014-06-03;2014-06-03/2014-06-05;2014-06-05/2014-06-08;2014-06-09/2014-06-13;2014-06-13/2014-06-15;2014-06-15/2014-06-21;2014-06-22/2014-06-24;2014-06-27/2014-07-05;2014-07-06/2014-07-09;2014-07-09/2014-07-12;2014-07-12/2014-07-20;2014-07-20/2014-07-25;2014-07-25/2014-07-29;2014-08-02/2014-08-12;2014-08-13/2014-08-15;2014-08-16/2014-08-20;2014-08-21/2014-08-25;2014-08-25/2014-08-30;2014-09-01/2014-09-07;2014-09-07/2014-09-14;2014-09-14/2015-03-14;2015-03-15/2015-03-20;2015-03-20/2015-03-22;2015-03-22/2015-03-31;2015-04-03/2015-04-05;2015-04-06/2015-04-11;2015-04-11/2015-04-19;2015-04-22/2015-04-24;2015-04-26/2015-04-29;2015-04-29/2015-05-03;2015-05-05/2015-05-07;2015-05-08/2015-05-11;2015-05-11/2015-05-14;2015-05-14/2015-05-16;2015-05-17/2015-05-30;2015-05-30/2015-06-01;2015-06-03/2015-06-08;2015-06-09/2015-06-14;2015-06-14/2015-06-20;2015-06-20/2015-06-22;2015-06-22/2015-06-25;2015-06-25/2015-07-09;2015-07-09/2015-07-18;2015-07-18/2015-08-02;2015-08-03/2015-08-08;2015-08-09/2015-08-14;2015-08-15/2015-08-20;2015-08-21/2015-08-26;2015-08-27/2015-09-02;2015-09-02/2015-09-12;2015-09-14/2015-09-16;2015-09-17/2015-09-24;2015-09-24/2015-09-28;2015-09-28/2015-10-03;2015-10-03/2015-10-05;2015-10-05/2015-10-11;2015-10-12/2015-10-16;2015-10-17/2015-10-20;2015-10-20/2015-10-25;2015-10-25/2015-10-29;2015-10-29/2015-11-06;2015-11-06/2015-11-08;2015-11-11/2015-11-13;2015-11-14/2015-11-21;2015-11-25/2015-11-28;2015-11-28/2015-11-30;2015-12-03/2015-12-11;2015-12-13/2015-12-22;2015-12-23/2015-12-31;2015-12-31/2016-01-02;2016-01-04/2016-01-13;2016-01-13/2016-01-16;2016-01-17/2016-02-20;2016-02-20/2016-03-01;2016-03-02/2016-03-05;2016-03-05/2016-03-07;2016-03-10/2016-03-12;2016-03-12/2016-03-20;2016-03-20/2016-04-01;2016-04-02/2016-04-28;2016-04-28/2016-05-04;2016-05-04/2016-05-11;2016-05-11/2016-05-18;2016-05-18/2016-05-21;2016-05-21/2016-05-28;2016-05-28/2016-05-31;2016-05-31/2016-06-04;2016-06-04/2016-06-12;2016-06-13/2016-06-22;2016-06-23/2016-06-25;2016-06-26/2016-07-09;2016-07-09/2016-07-12;2016-07-13/2016-07-19;2016-07-21/2016-07-23;2016-07-24/2016-07-26;2016-07-29/2016-08-13;2016-08-13/2016-09-13;2016-09-13/2016-09-18;2016-09-18/2016-10-09;2016-10-10/2016-11-02;2016-11-02/2016-11-12;2016-11-13/2016-11-25;2016-11-25/2016-11-28;2016-11-28/2017-01-14;2017-01-14/2017-03-06;2017-03-06/2017-06-11;2017-06-11/2017-06-17;2017-06-17/2017-08-06;2017-08-06/2017-09-24;2017-09-24/2017-10-06;2017-10-07/2017-12-09;2017-12-10/2017-12-16;2017-12-16/2017-12-18;2017-12-19/2018-01-14;2018-01-15/2018-02-27;2018-02-27/2018-03-10;2018-03-11/2018-03-25;2018-03-25/2018-03-30;2018-03-30/2018-04-07;2018-04-08/2018-05-01;2018-05-01/2018-06-06;2018-06-11/2018-06-14;2018-06-15/2018-06-19;2018-06-23/2018-07-01;2018-07-02/2018-07-19;2018-07-19/2018-08-27;2018-08-27/2018-08-30;2018-08-30/2018-09-05;2018-09-05/2018-09-10;2018-09-11/2018-09-15;2018-09-15/2018-09-17;2018-09-17/2018-09-24;2018-09-24/2018-09-29;2018-09-30/2018-10-02;2018-10-02/2018-10-04;2018-10-06/2018-10-11;2018-10-11/2018-12-26;2018-12-26/2018-12-31;2019-01-02/2019-01-04;2019-01-07/2019-01-13;2019-01-18/2019-01-20;2019-01-21/2019-01-26;2019-01-27/2019-01-29;2019-01-29/2019-02-01;2019-02-02/2019-02-10;2019-02-11/2019-02-13;2019-02-20/2019-02-23;2019-02-24/2019-02-26;2019-03-02/2019-03-04;2019-03-04/2019-03-07;2019-03-07/2019-03-09;2019-03-09/2019-03-16;2019-03-16/2019-03-25;2019-03-26/2019-03-30;2019-03-31/2019-04-06;2019-04-06/2019-05-11;2019-05-12/2019-05-27;2019-05-27/2019-06-02;2019-06-02/2019-06-07;2019-06-08/2019-06-16;2019-06-16/2019-06-22;2019-06-23/2019-06-29;2019-07-01/2019-07-05;2019-07-05/2019-07-15;2019-07-15/2019-07-19;2019-07-21/2019-07-24;2019-07-30/2019-08-05;2019-08-05/2019-08-29;2019-09-01/2019-09-07;2019-09-07/2019-09-17;2019-09-18/2019-09-27;2019-09-28/2019-10-03;2019-10-05/2019-10-13;2019-10-13/2019-10-18;2019-10-18/2019-10-24;2019-10-26/2019-11-03;2019-11-03/2019-11-09;2019-11-09/2019-11-23;2019-11-23/2019-12-06;2019-12-06/2020-02-24;2020-02-24/2020-03-15;2020-03-15/2020-03-20;2020-03-21/2020-04-20;2020-04-20/2020-04-25;2020-04-27/2020-05-10;2020-05-11/2020-05-24;2020-05-24/2020-06-19;2020-06-19/2020-06-21;2020-06-21/2020-06-24;2020-06-26/2020-06-30;2020-06-30/2020-07-21;2020-07-22/2020-07-26;2020-07-28/2020-08-31;2020-09-01/2020-09-03;2020-09-03/2020-09-06;2020-09-07/2020-09-09;2020-09-09/2020-09-17;2020-09-17/2020-10-04;2020-10-04/2020-10-12;2020-10-12/2020-10-18;2020-10-18/2020-10-25;2020-10-26/2020-11-01;2020-11-02/2020-11-07;2020-11-08/2020-11-14;2020-11-15/2020-11-22;2020-11-22/2021-01-10;2021-01-10/2021-01-12;2021-01-13/2021-04-02;2021-04-02/2021-04-17;2021-04-18/2021-04-20;2021-04-20/2021-04-22;2021-04-22/2021-04-24;2021-04-24/2021-04-26;2021-04-26/2021-06-01;2021-06-01/2021-06-13;2021-06-14/2021-06-16;2021-06-16/2021-06-25;2021-06-25/2021-06-27;2021-06-27/2021-06-29;2021-06-29/2021-07-01;2021-07-01/2021-10-31;2021-10-31/2021-11-30;2021-12-01/2021-12-25;2021-12-26/2021-12-29;2021-12-29/2022-01-15;2022-01-16/2022-01-18;2022-01-18/2022-03-06;2022-03-06/2022-06-04;2022-06-06/2022-06-08;2022-06-09/2022-06-12;2022-06-12/2022-06-14;2022-06-14/2022-06-16;2022-06-21/2022-06-26;2022-06-26/2022-07-02;2022-07-02/2022-07-09;2022-07-09/2022-07-29;2022-07-29/2023-02-06;2023-02-06/2023-06-15;2023-06-15/2023-06-19;2023-06-20/2023-06-22;2023-06-23/2023-06-28;2023-06-29/2023-07-05;2023-07-05/2023-09-01
ShetiPhian;2012-04-17/2012-08-26;2012-08-26/2014-02-28;2014-02-28/2014-04-04;2014-04-04/2014-08-05;2014-08-05/2015-04-09;2015-04-09/2016-01-22;2016-01-22/2019-01-25;2019-01-25/2020-05-12;2020-05-12/2023-09-01
ScottKillen;2012-06-09/2012-06-17;2012-06-17/2012-11-19;2012-11-20/2012-12-26;2012-12-26/2023-09-01
GenuineSounds;2012-06-13/2023-09-01
dionrhys;2012-06-14/2023-09-01
pahimar;2012-06-19/2012-09-26;2012-09-26/2012-10-26;2012-10-26/2012-12-11;2012-12-11/2013-04-09;2013-04-10/2013-04-12;2013-04-12/2013-05-06;2013-05-06/2013-11-11;2013-11-11/2023-09-01
TrueBrain;2012-07-09/2023-09-01
Krapht;2012-08-12/2013-03-27;2013-03-27/2013-03-31;2013-03-31/2023-09-01
jmarini;2012-08-13/2023-09-01
Draake;2012-08-15/2023-09-01
remuladgryta;2012-08-14/2023-09-01
calclavia0;2012-08-14/2023-09-01
heldplayer;2012-08-18/2013-06-14;2013-06-14/2013-08-03;2013-08-03/2023-09-01
dvrabel;2012-08-20/2023-09-01
Chicken-Bones;2012-08-23/2012-10-01;2012-10-01/2012-12-05;2012-12-05/2013-01-22;2013-01-22/2013-05-19;2013-05-19/2013-07-16;2013-07-16/2014-12-26;2014-12-26/2023-09-01
dries007;2012-08-30/2023-09-01
iChun;2012-09-07/2012-09-17;2012-09-18/2012-10-04;2012-10-04/2012-11-24;2012-11-24/2013-03-13;2013-03-13/2013-07-26;2013-07-26/2013-07-31;2013-07-31/2013-09-05;2013-09-05/2013-09-11;2013-09-11/2013-12-25;2013-12-25/2014-01-01;2014-01-01/2014-01-11;2014-01-11/2014-02-21;2014-02-21/2014-03-10;2014-03-10/2014-04-07;2014-04-07/2014-06-30;2014-06-30/2015-02-19;2015-02-19/2015-04-03;2015-04-04/2016-11-18;2016-11-18/2017-08-09;2017-08-09/2019-10-15;2019-10-15/2023-09-01
micdoodle8;2012-09-23/2013-05-04;2013-05-04/2013-09-09;2013-09-09/2023-09-01
XCompWiz;2012-10-02/2012-11-21;2012-11-21/2013-07-06;2013-07-06/2013-10-26;2013-10-26/2014-05-18;2014-05-18/2014-11-10;2014-11-10/2019-01-11;2019-01-11/2023-09-01
Vazkii;2012-10-05/2014-08-05;2014-08-05/2016-03-15;2016-03-15/2023-09-01
KingLemming;2012-11-15/2013-04-26;2013-04-26/2013-05-23;2013-05-23/2014-08-04;2014-08-04/2015-03-25;2015-03-25/2015-04-05;2015-04-05/2015-04-09;2015-04-11/2015-04-14;2015-04-14/2015-04-16;2015-04-16/2017-06-24;2017-06-24/2018-06-27;2018-06-27/2019-12-15;2019-12-15/2021-07-17;2021-07-17/2022-06-20;2022-06-20/2023-09-01
Xhamolk;2012-11-27/2023-09-01
GuntherDW;2012-12-06/2023-09-01
AbrarSyed;2012-12-05/2013-07-02;2013-07-02/2013-11-08;2013-11-10/2013-11-15;2013-11-15/2013-11-17;2013-11-18/2013-11-26;2013-11-26/2013-12-12;2013-12-12/2014-01-11;2014-01-12/2014-01-19;2014-01-19/2014-01-29;2014-01-29/2014-02-04;2014-02-05/2014-03-06;2014-03-06/2014-03-08;2014-03-11/2014-03-15;2014-03-15/2014-03-17;2014-03-17/2014-03-19;2014-03-19/2014-03-21;2014-03-21/2014-03-25;2014-03-26/2014-03-29;2014-03-29/2014-05-07;2014-05-07/2014-07-02;2014-07-02/2014-07-05;2014-07-05/2014-10-03;2014-10-03/2014-10-15;2014-10-15/2015-01-09;2015-01-09/2015-03-18;2015-03-18/2015-04-24;2015-04-24/2015-04-29;2015-04-29/2015-06-28;2015-06-30/2015-08-01;2015-08-01/2015-08-10;2015-08-10/2015-10-28;2015-10-28/2015-11-24;2015-11-24/2016-02-18;2016-02-18/2023-09-01
Uristqwerty;2012-12-14/2012-12-25;2012-12-25/2023-09-01
bspkrs;2013-01-17/2013-03-14;2013-03-14/2014-04-18;2014-04-18/2014-05-07;2014-05-08/2014-06-04;2014-06-04/2014-06-26;2014-06-26/2014-07-08;2014-07-08/2014-07-15;2014-07-15/2014-07-24;2014-07-24/2014-09-30;2014-09-30/2014-10-15;2014-10-15/2023-09-01
immibis;2013-02-23/2023-09-01
RainWarrior;2013-03-09/2013-12-09;2013-12-09/2014-05-20;2014-05-20/2014-11-27;2014-11-27/2014-12-28;2014-12-28/2015-01-30;2015-01-30/2015-02-03;2015-02-04/2015-02-08;2015-02-09/2015-02-13;2015-02-14/2015-02-16;2015-02-17/2015-02-23;2015-02-23/2015-04-01;2015-04-01/2015-04-21;2015-04-21/2015-04-24;2015-04-25/2015-05-04;2015-05-04/2015-06-04;2015-06-04/2015-06-18;2015-06-18/2015-06-22;2015-06-23/2015-06-28;2015-06-28/2015-09-02;2015-09-02/2015-09-28;2015-09-28/2015-10-03;2015-10-03/2015-10-12;2015-10-12/2015-10-14;2015-10-15/2015-10-26;2015-10-27/2015-10-29;2015-10-29/2015-10-31;2015-10-31/2015-11-02;2015-11-03/2015-11-07;2015-11-13/2015-11-16;2015-11-16/2015-11-19;2015-11-19/2015-11-21;2015-11-21/2015-11-23;2015-11-23/2015-12-03;2015-12-03/2015-12-08;2015-12-09/2015-12-15;2015-12-15/2015-12-17;2015-12-17/2015-12-20;2015-12-20/2015-12-24;2015-12-25/2015-12-30;2016-01-02/2016-01-04;2016-01-04/2016-01-06;2016-01-06/2016-01-09;2016-01-10/2016-01-16;2016-01-16/2016-01-18;2016-01-19/2016-01-24;2016-01-25/2016-01-27;2016-01-28/2016-02-02;2016-02-04/2016-02-07;2016-02-07/2016-02-09;2016-02-10/2016-02-16;2016-02-16/2016-02-22;2016-02-22/2016-03-01;2016-03-02/2016-03-05;2016-03-06/2016-03-08;2016-03-08/2016-03-10;2016-03-10/2016-03-13;2016-03-13/2016-03-15;2016-03-19/2016-03-21;2016-03-24/2016-03-26;2016-03-26/2016-03-29;2016-03-29/2016-04-02;2016-04-06/2016-05-03;2016-05-03/2016-05-09;2016-05-10/2016-05-13;2016-05-13/2016-05-29;2016-05-29/2016-06-05;2016-06-05/2017-01-06;2017-01-07/2017-01-19;2017-01-19/2017-01-21;2017-01-21/2017-02-19;2017-02-19/2017-06-25;2017-06-26/2023-09-01
ChildWalrus;2013-03-15/2013-03-24;2013-03-24/2023-09-01
LepkoQQ;2013-03-16/2023-09-01
agaricusb;2012-12-09/2012-12-22;2012-12-26/2012-12-29;2012-12-31/2013-01-07;2013-01-07/2013-01-11;2013-01-11/2013-01-25;2013-01-26/2013-01-28;2013-01-29/2013-02-05;2013-02-05/2013-03-14;2013-03-21/2013-04-13;2013-04-14/2013-04-30;2013-05-01/2023-09-01
mDiyo;2013-03-21/2023-09-01
jrtc27;2013-03-22/2013-07-02;2013-07-02/2013-09-21;2013-09-21/2023-09-01
Mithion;2013-03-23/2023-09-01
Flow86;2013-03-28/2023-09-01
Crudedragos;2013-03-20/2023-09-01
ProgrammerHero;2013-04-15/2023-09-01
Azanor;2013-04-19/2014-05-07;2014-05-07/2023-09-01
Glought;2013-04-21/2023-09-01
richardg867;2013-04-22/2023-09-01
Chimaine;2013-04-26/2023-09-01
fnuecke;2013-05-08/2016-08-12;2016-08-12/2017-02-19;2017-02-19/2021-02-15;2021-02-15/2023-09-01
jeffreykog;2013-05-09/2013-07-02;2013-07-02/2013-07-04;2013-07-04/2013-08-22;2013-08-22/2014-01-19;2014-01-19/2023-09-01
hbiede;2013-05-10/2023-09-01
purpleposeidon;2013-05-11/2013-06-19;2013-06-19/2023-09-01
jampot5000;2013-05-11/2023-09-01
odininon;2013-05-14/2023-09-01
bloodmc;2013-05-23/2013-12-22;2013-12-22/2014-02-06;2014-02-06/2014-02-13;2014-02-13/2014-06-13;2014-06-13/2014-06-29;2014-06-29/2014-08-27;2014-08-27/2016-05-02;2016-05-02/2016-09-09;2016-09-09/2018-07-14;2018-07-14/2023-09-01
Lunatrius;2013-06-07/2014-09-16;2014-09-16/2014-12-17;2014-12-18/2015-01-16;2015-01-16/2015-01-28;2015-01-28/2015-04-19;2015-04-19/2015-06-26;2015-06-26/2015-12-19;2015-12-19/2023-09-01
AKA-Syenite;2013-06-12/2013-06-17;2013-06-17/2023-09-01
MachineMuse;2013-06-30/2013-09-03;2013-09-04/2013-09-06;2013-09-06/2023-09-01
CaptainShadows;2013-07-08/2023-09-01
Adubbz;2013-07-10/2013-09-13;2013-09-13/2013-12-28;2013-12-28/2014-01-01;2014-01-01/2014-01-03;2014-01-03/2014-04-11;2014-04-11/2014-07-01;2014-07-01/2014-07-27;2014-07-27/2014-08-26;2014-08-26/2014-10-10;2014-10-10/2016-03-03;2016-03-03/2016-03-17;2016-03-17/2016-04-03;2016-04-03/2019-01-25;2019-01-25/2023-09-01
Soaryn;2013-07-16/2013-08-15;2013-08-15/2014-07-01;2014-07-01/2023-09-01
tommy1019;2013-07-26/2013-07-28;2013-07-28/2013-08-08;2013-08-09/2023-09-01
MrMasochism;2013-07-31/2023-09-01
EnderShadow;2013-08-01/2023-09-01
grompe;2013-08-01/2023-09-01
Bo98;2013-08-03/2023-09-01
robin4002;2013-08-28/2015-03-04;2015-03-04/2019-10-14;2019-10-14/2023-09-01
Matchlighter;2013-09-07/2023-09-01
Lomeli12;2013-09-10/2017-12-05;2017-12-05/2023-09-01
viliml;2013-09-14/2014-05-25;2014-05-25/2023-09-01
alexbegt;2013-09-21/2014-04-06;2014-04-06/2019-01-19;2019-01-19/2023-09-01
benblank;2013-09-30/2023-09-01
rhilenova;2013-09-29/2013-10-01;2013-10-01/2018-03-23;2018-03-23/2023-09-01
HoBoS-TaCo;2013-09-23/2023-09-01
OniBait;2013-10-03/2013-10-09;2013-10-10/2023-09-01
kevinji;2013-08-28/2023-09-01
GUIpsp;2013-11-19/2023-09-01
Vexatos;2013-12-11/2014-01-01;2014-01-01/2023-09-01
jk-5;2013-12-31/2023-09-01
airbreather;2014-01-01/2023-09-01
Adaptivity;2014-01-04/2023-09-01
Jezza;2014-01-14/2016-11-03;2016-11-03/2023-09-01
bl4ckscor3;2014-02-08/2019-06-25;2019-06-25/2019-07-30;2019-07-30/2019-08-15;2019-08-15/2019-08-29;2019-08-29/2019-09-03;2019-09-03/2019-10-15;2019-10-15/2019-11-12;2019-11-12/2019-12-02;2019-12-02/2019-12-19;2019-12-19/2021-08-02;2021-08-02/2022-12-16;2022-12-16/2023-09-01
sfPlayer1;2014-03-20/2014-03-24;2014-03-24/2014-03-27;2014-03-27/2014-03-30;2014-04-01/2014-04-03;2014-04-04/2014-04-06;2014-04-07/2014-04-09;2014-04-09/2014-04-11;2014-04-11/2014-04-22;2014-04-22/2014-04-26;2014-04-26/2014-04-30;2014-04-30/2014-05-12;2014-05-12/2018-04-27;2018-04-27/2023-09-01
planetguy32;2014-04-13/2023-09-01
matthewprenger;2014-04-29/2015-02-07;2015-02-07/2015-02-15;2015-02-15/2016-02-02;2016-02-02/2016-03-20;2016-03-20/2016-04-09;2016-04-09/2017-12-17;2017-12-17/2023-09-01
Deadrik;2014-04-29/2023-09-01
marysaka;2014-05-06/2014-06-19;2014-06-19/2023-09-01
diesieben07;2014-05-22/2014-05-29;2014-05-29/2014-06-07;2014-06-07/2014-06-29;2014-06-29/2014-08-31;2014-08-31/2014-09-06;2014-09-06/2015-02-13;2015-02-13/2015-03-11;2015-03-11/2015-03-21;2015-03-21/2015-03-28;2015-03-28/2015-04-28;2015-04-28/2015-05-20;2015-05-20/2015-06-25;2015-06-25/2015-07-16;2015-07-16/2015-09-18;2015-09-18/2015-10-04;2015-10-04/2015-11-08;2015-11-08/2015-12-28;2015-12-28/2016-02-14;2016-02-14/2016-02-17;2016-02-17/2016-03-19;2016-03-20/2016-03-23;2016-03-24/2016-06-16;2016-06-16/2016-06-23;2016-06-23/2016-06-26;2016-06-26/2016-06-30;2016-06-30/2016-11-30;2016-11-30/2016-12-03;2016-12-03/2017-01-12;2017-01-12/2017-02-11;2017-02-12/2017-02-24;2017-02-24/2017-03-07;2017-03-07/2017-04-07;2017-04-07/2017-05-02;2017-05-02/2017-05-18;2017-05-18/2017-05-21;2017-05-21/2017-06-23;2017-06-23/2017-07-20;2017-07-20/2017-07-23;2017-07-23/2017-08-01;2017-08-01/2018-03-27;2018-03-27/2018-05-13;2018-05-13/2019-07-02;2019-07-02/2019-09-12;2019-09-12/2020-01-22;2020-01-22/2020-04-27;2020-04-27/2020-06-07;2020-06-07/2020-06-12;2020-06-12/2020-06-15;2020-06-15/2020-06-22;2020-06-22/2020-06-29;2020-06-30/2020-07-06;2020-07-06/2020-07-27;2020-07-27/2020-08-03;2020-08-04/2020-08-21;2020-08-21/2020-09-09;2020-09-09/2020-09-23;2020-09-23/2020-09-27;2020-09-27/2020-11-10;2020-11-10/2020-11-20;2020-11-20/2020-12-25;2020-12-25/2020-12-28;2020-12-28/2021-01-07;2021-01-07/2021-02-09;2021-02-09/2021-03-04;2021-03-04/2021-03-13;2021-03-13/2021-03-15;2021-03-15/2021-03-17;2021-03-17/2021-04-23;2021-04-23/2021-06-08;2021-06-08/2021-06-17;2021-06-17/2021-07-15;2021-07-15/2021-07-17;2021-07-17/2021-08-20;2021-08-20/2021-10-04;2021-10-04/2021-10-11;2021-10-11/2021-10-13;2021-10-13/2021-10-17;2021-10-17/2021-11-24;2021-11-24/2022-01-08;2022-01-08/2022-01-14;2022-01-14/2022-01-20;2022-01-21/2022-02-04;2022-02-04/2022-02-08;2022-02-08/2022-02-15;2022-02-15/2022-03-22;2022-03-22/2022-05-23;2022-05-23/2022-05-31;2022-06-01/2022-06-05;2022-06-05/2022-07-20;2022-07-20/2022-08-17;2022-08-17/2022-09-03;2022-09-03/2023-09-01
Clashsoft;2014-05-22/2014-08-18;2014-08-18/2023-09-01
rwtema;2014-05-23/2014-07-31;2014-07-31/2016-01-17;2016-01-17/2016-10-24;2016-10-24/2023-09-01
Cojomax99;2014-06-04/2023-09-01
Emberwalker;2014-06-12/2015-04-10;2015-04-11/2015-05-27;2015-05-27/2023-09-01
amaranth;2014-01-13/2023-09-01
Zarathul;2014-06-16/2023-09-01
lumien231;2014-06-20/2014-12-06;2014-12-06/2014-12-28;2014-12-28/2015-01-01;2015-01-01/2015-04-13;2015-04-13/2015-09-21;2015-09-21/2015-11-25;2015-11-25/2017-06-19;2017-06-19/2023-09-01
rumickon;2014-06-25/2023-09-01
tterrag1098;2014-07-01/2015-03-13;2015-03-13/2015-04-06;2015-04-06/2015-04-12;2015-04-12/2015-04-20;2015-04-20/2015-04-30;2015-04-30/2015-06-23;2015-06-26/2015-07-05;2015-07-05/2015-08-01;2015-08-01/2015-09-18;2015-09-18/2015-10-12;2015-10-12/2015-10-24;2015-10-24/2015-10-29;2015-10-29/2015-11-12;2015-11-12/2015-12-11;2015-12-11/2015-12-13;2015-12-13/2015-12-17;2015-12-17/2015-12-19;2015-12-19/2016-01-01;2016-01-01/2016-01-07;2016-01-07/2016-02-07;2016-02-07/2016-02-09;2016-02-10/2016-02-18;2016-02-18/2016-02-29;2016-02-29/2016-03-18;2016-03-18/2016-03-29;2016-03-29/2016-04-01;2016-04-01/2016-05-19;2016-05-19/2016-05-22;2016-05-22/2016-05-26;2016-05-26/2016-06-02;2016-06-02/2016-06-17;2016-06-17/2016-06-23;2016-06-23/2016-07-14;2016-07-14/2016-09-21;2016-09-21/2016-10-11;2016-10-11/2017-01-01;2017-01-01/2017-05-12;2017-05-12/2017-05-15;2017-05-15/2017-06-15;2017-06-15/2017-06-24;2017-06-24/2017-08-09;2017-08-09/2017-10-02;2017-10-02/2017-12-17;2017-12-17/2018-03-16;2018-03-16/2018-05-09;2018-05-09/2018-06-12;2018-06-12/2018-06-18;2018-06-18/2018-06-20;2018-06-20/2018-06-27;2018-06-27/2018-07-09;2018-07-09/2018-07-14;2018-07-14/2018-08-16;2018-08-16/2018-09-08;2018-09-10/2018-09-12;2018-09-12/2018-09-14;2018-09-16/2018-09-18;2018-09-18/2018-09-22;2018-09-23/2018-09-29;2018-09-29/2018-10-11;2018-10-11/2018-12-02;2018-12-02/2018-12-21;2018-12-22/2018-12-29;2018-12-29/2019-01-04;2019-01-04/2019-01-07;2019-01-07/2019-01-11;2019-01-11/2019-01-13;2019-01-13/2019-01-16;2019-01-17/2019-01-19;2019-01-19/2019-01-24;2019-01-27/2019-02-04;2019-02-04/2019-02-07;2019-02-07/2019-02-14;2019-02-15/2019-02-18;2019-02-20/2019-03-14;2019-03-14/2019-03-16;2019-03-16/2019-03-19;2019-03-19/2019-03-23;2019-03-23/2019-03-25;2019-03-26/2019-03-29;2019-03-29/2019-04-11;2019-04-14/2019-04-16;2019-04-16/2019-04-23;2019-04-25/2019-05-09;2019-05-09/2019-05-11;2019-05-12/2019-05-24;2019-05-24/2019-06-08;2019-06-10/2019-06-12;2019-06-12/2019-06-21;2019-06-24/2019-07-11;2019-07-11/2019-09-07;2019-09-09/2019-09-17;2019-09-17/2019-09-21;2019-09-23/2019-09-25;2019-09-25/2019-09-27;2019-09-28/2019-10-04;2019-10-04/2019-10-10;2019-10-10/2019-10-15;2019-10-15/2019-10-25;2019-10-25/2019-10-28;2019-10-30/2019-11-01;2019-11-01/2019-11-05;2019-11-05/2019-11-07;2019-11-07/2019-11-25;2019-11-25/2019-12-03;2019-12-03/2019-12-06;2019-12-06/2019-12-17;2019-12-20/2019-12-30;2019-12-30/2020-01-02;2020-01-02/2020-01-05;2020-01-05/2020-01-08;2020-01-09/2020-01-21;2020-01-21/2020-02-19;2020-02-19/2020-03-15;2020-03-15/2020-03-20;2020-03-20/2020-03-31;2020-04-01/2020-04-04;2020-04-05/2020-04-11;2020-04-12/2020-04-22;2020-04-22/2020-04-27;2020-04-28/2020-05-19;2020-05-19/2020-05-23;2020-05-24/2020-06-24;2020-06-24/2020-07-02;2020-07-02/2020-07-18;2020-07-19/2020-07-30;2020-07-30/2020-09-03;2020-09-03/2020-09-24;2020-09-24/2020-11-29;2020-11-29/2020-12-11;2020-12-11/2021-01-12;2021-01-12/2021-06-23;2021-06-23/2021-12-24;2021-12-24/2023-09-01
Ghostrec35;2014-07-06/2023-09-01
Glassmaker;2014-07-10/2023-09-01
Darkhax;2014-07-16/2017-09-03;2017-09-03/2017-09-12;2017-09-12/2017-09-17;2017-09-17/2018-01-18;2018-01-18/2019-03-12;2019-03-12/2020-05-03;2020-05-03/2020-07-14;2020-07-14/2020-09-22;2020-09-22/2023-09-01
skyboy;2014-06-06/2014-07-24;2014-07-24/2014-08-03;2014-08-03/2023-09-01
AntonBoch1244;2014-08-05/2023-09-01
zlyfire;2014-08-06/2023-09-01
Abastro;2014-07-24/2016-02-16;2016-02-16/2016-08-14;2016-08-14/2016-08-17;2016-08-17/2023-09-01
SackCastellon;2014-08-12/2023-09-01
bonii-xx;2014-08-15/2015-06-23;2015-06-24/2015-06-26;2015-06-26/2015-10-18;2015-10-18/2015-10-25;2015-10-25/2015-11-29;2015-11-29/2015-12-15;2015-12-15/2015-12-28;2015-12-29/2016-01-02;2016-01-02/2016-01-14;2016-01-14/2016-02-16;2016-02-16/2016-02-19;2016-02-19/2016-02-22;2016-02-23/2016-03-12;2016-03-12/2016-05-02;2016-05-02/2016-05-16;2016-05-16/2016-07-03;2016-07-03/2016-07-24;2016-07-24/2016-08-19;2016-08-20/2016-10-30;2016-10-30/2016-12-10;2016-12-10/2023-09-01
founderio;2014-09-01/2023-09-01
lawremi;2014-09-08/2015-06-19;2015-06-19/2023-09-01
KatrinaAS;2014-09-09/2016-04-05;2016-04-06/2019-02-18;2019-02-18/2023-09-01
Parker8283;2014-09-15/2014-10-20;2014-10-20/2015-01-16;2015-01-16/2015-02-16;2015-02-16/2015-04-25;2015-04-25/2018-04-01;2018-04-01/2023-09-01
killjoy1221;2014-11-10/2015-03-24;2015-03-24/2015-04-01;2015-04-01/2016-01-02;2016-01-02/2016-05-04;2016-05-04/2016-09-17;2016-09-17/2017-05-21;2017-05-21/2019-07-02;2019-07-02/2019-10-02;2019-10-02/2020-06-29;2020-06-29/2023-09-01
Kittychanley;2014-11-21/2023-09-01
Draco18s;2014-12-04/2016-11-01;2016-11-01/2016-11-07;2016-11-07/2017-12-01;2017-12-01/2019-10-02;2019-10-02/2020-02-27;2020-02-27/2020-07-18;2020-07-18/2023-09-01
mezz;2014-11-23/2015-10-13;2015-10-13/2016-01-13;2016-01-13/2016-03-25;2016-03-25/2016-03-28;2016-03-28/2016-04-03;2016-04-04/2016-04-06;2016-04-06/2016-04-09;2016-04-10/2016-04-29;2016-04-29/2016-05-07;2016-05-07/2016-05-29;2016-05-29/2016-06-04;2016-06-04/2016-06-09;2016-06-09/2016-06-14;2016-06-14/2016-06-18;2016-06-18/2016-06-23;2016-06-23/2016-06-25;2016-06-26/2016-07-13;2016-07-13/2016-07-23;2016-07-23/2016-08-12;2016-08-12/2016-09-15;2016-09-15/2016-09-27;2016-09-27/2016-10-02;2016-10-02/2016-10-09;2016-10-10/2016-10-14;2016-10-14/2016-10-23;2016-10-23/2016-11-11;2016-11-11/2016-11-16;2016-11-17/2016-11-22;2016-11-23/2016-11-25;2016-11-25/2016-11-27;2016-11-27/2016-12-03;2016-12-03/2016-12-06;2016-12-06/2016-12-17;2016-12-17/2016-12-21;2016-12-21/2016-12-23;2016-12-23/2017-01-04;2017-01-04/2017-01-11;2017-01-12/2017-01-17;2017-01-17/2017-02-13;2017-02-13/2017-02-19;2017-02-19/2017-03-11;2017-03-11/2017-03-15;2017-03-15/2017-04-07;2017-04-08/2017-05-02;2017-05-02/2017-05-06;2017-05-06/2017-05-20;2017-05-21/2017-05-29;2017-05-29/2017-06-05;2017-06-05/2017-06-11;2017-06-11/2017-06-18;2017-06-22/2017-06-24;2017-06-24/2017-06-26;2017-06-26/2017-06-28;2017-06-28/2017-07-03;2017-07-03/2017-07-05;2017-07-05/2017-07-07;2017-07-09/2017-07-12;2017-07-13/2017-07-21;2017-07-21/2017-08-01;2017-08-01/2017-08-09;2017-08-09/2017-08-15;2017-08-15/2017-08-22;2017-08-22/2017-09-09;2017-09-09/2017-10-03;2017-10-04/2017-10-07;2017-10-08/2017-10-28;2017-10-28/2017-10-31;2017-10-31/2017-11-19;2017-11-19/2017-11-22;2017-11-22/2017-12-02;2017-12-02/2017-12-07;2017-12-07/2017-12-17;2017-12-17/2017-12-21;2017-12-21/2018-01-13;2018-01-13/2018-01-16;2018-01-16/2018-01-18;2018-01-18/2018-01-22;2018-01-23/2018-02-06;2018-02-06/2018-02-11;2018-02-11/2018-02-27;2018-02-27/2018-03-11;2018-03-11/2018-03-18;2018-03-18/2018-03-20;2018-03-20/2018-03-22;2018-03-22/2018-03-27;2018-03-27/2018-03-30;2018-03-30/2018-04-15;2018-04-15/2018-05-10;2018-05-10/2018-05-12;2018-05-13/2018-05-20;2018-05-20/2018-06-23;2018-06-23/2018-06-26;2018-06-27/2018-07-10;2018-07-10/2018-07-15;2018-07-15/2018-08-02;2018-08-02/2018-08-10;2018-08-10/2018-08-18;2018-08-18/2018-09-09;2018-09-09/2018-09-27;2018-09-27/2018-12-23;2018-12-24/2018-12-29;2018-12-29/2019-01-14;2019-01-14/2019-01-16;2019-01-16/2019-01-25;2019-01-25/2019-03-18;2019-03-18/2019-03-25;2019-03-25/2019-04-28;2019-04-28/2019-05-21;2019-05-21/2019-10-15;2019-10-15/2022-01-28;2022-01-28/2022-03-16;2022-03-16/2022-03-22;2022-03-22/2023-09-01
palechip;2014-12-22/2023-09-01
HEmile;2014-12-23/2023-09-01
fry-mojang;2015-01-10/2015-01-29;2015-01-29/2015-02-13;2015-02-13/2015-05-05;2015-05-05/2015-06-06;2015-06-06/2015-06-18;2015-06-18/2015-06-26;2015-06-26/2015-06-30;2015-06-30/2015-10-27;2015-10-27/2015-10-29;2015-10-29/2015-12-11;2015-12-11/2015-12-21;2015-12-21/2015-12-29;2015-12-29/2016-01-14;2016-01-14/2016-01-24;2016-01-24/2016-02-07;2016-02-07/2016-02-14;2016-02-14/2016-02-19;2016-02-19/2016-03-17;2016-03-17/2016-04-01;2016-04-01/2016-04-03;2016-04-03/2016-04-05;2016-04-06/2023-09-01
asiekierka;2015-01-11/2016-01-21;2016-01-21/2023-09-01
stephan-gh;2015-01-16/2015-11-21;2015-11-21/2015-12-01;2015-12-01/2016-01-21;2016-01-21/2016-06-04;2016-06-04/2016-12-17;2016-12-17/2017-06-13;2017-06-13/2018-06-30;2018-07-01/2023-09-01
Ivorforce;2015-01-16/2016-09-17;2016-09-17/2017-02-04;2017-02-05/2023-09-01
Grinch;2015-01-29/2023-09-01
TechStack;2015-01-29/2023-09-01
Tmtravlr;2015-02-26/2015-05-10;2015-05-10/2023-09-01
clienthax;2015-02-25/2015-06-04;2015-06-04/2015-06-30;2015-06-30/2023-09-01
Zot201;2014-11-27/2015-03-02;2015-03-02/2015-03-04;2015-03-04/2023-09-01
me4502;2015-03-01/2016-02-27;2016-02-27/2016-07-07;2016-07-07/2023-09-01
Geforce132;2015-02-21/2023-09-01
JamiesWhiteShirt;2015-03-19/2017-06-01;2017-06-01/2017-07-19;2017-07-19/2017-10-02;2017-10-04/2018-03-16;2018-03-16/2018-04-11;2018-04-11/2018-04-20;2018-04-20/2018-08-19;2018-08-19/2023-09-01
simon816;2015-03-21/2015-07-08;2015-07-08/2015-07-16;2015-07-16/2015-08-08;2015-08-08/2020-07-15;2020-07-15/2023-09-01
GotoLink;2015-04-02/2023-09-01
irtimaled;2015-04-07/2023-09-01
Zaggy1024;2015-04-25/2015-05-01;2015-05-01/2015-07-24;2015-07-24/2016-04-05;2016-04-05/2017-10-31;2017-10-31/2023-09-01
Silfadur;2015-05-05/2023-09-01
jamioflan;2015-05-08/2023-09-01
AlgorithmX2;2015-05-27/2015-06-02;2015-06-02/2015-12-11;2015-12-11/2015-12-13;2015-12-13/2016-02-17;2016-02-19/2016-07-28;2016-07-28/2016-08-04;2016-08-04/2017-12-17;2017-12-17/2023-09-01
fuami;2015-06-06/2023-09-01
johnjohn;2015-06-09/2023-09-01
cheeserolls;2015-06-11/2023-09-01
xxmicloxx;2015-06-14/2023-09-01
liach;2015-07-13/2015-12-02;2015-12-02/2016-12-02;2016-12-02/2017-01-12;2017-01-12/2019-01-02;2019-01-02/2019-10-14;2019-10-14/2019-12-02;2019-12-02/2023-09-01
rubensworks;2015-07-21/2015-07-23;2015-07-23/2015-09-22;2015-09-22/2019-10-02;2019-10-02/2023-09-01
laci200270;2015-08-19/2023-09-01
Vorquel;2015-08-18/2023-09-01
olee;2015-08-30/2023-09-01
darkevilmac;2015-10-10/2017-08-01;2017-08-01/2017-09-06;2017-09-06/2019-07-09;2019-07-09/2023-09-01
The-Fireplace;2015-10-31/2016-05-25;2016-05-25/2017-04-07;2017-04-07/2023-09-01
Choonster;2015-11-05/2015-11-20;2015-11-20/2016-03-07;2016-03-07/2016-07-19;2016-07-19/2016-10-07;2016-10-07/2016-11-03;2016-11-03/2017-01-12;2017-01-12/2017-02-17;2017-02-17/2017-04-07;2017-04-07/2017-06-24;2017-06-24/2017-06-29;2017-06-29/2017-08-09;2017-08-09/2017-08-31;2017-08-31/2020-01-05;2020-01-05/2020-01-07;2020-01-07/2021-08-06;2021-08-06/2023-09-01
gabizou;2015-11-10/2019-01-27;2019-01-27/2019-09-12;2019-09-12/2021-01-18;2021-01-18/2022-03-13;2022-03-13/2023-09-01
arideus101;2015-11-11/2023-09-01
kashike;2015-08-07/2016-01-12;2016-01-12/2016-03-27;2016-03-27/2016-04-06;2016-04-06/2016-11-27;2016-11-27/2017-04-07;2017-04-07/2017-09-20;2017-09-21/2017-09-23;2017-09-23/2017-12-17;2017-12-17/2018-04-13;2018-04-13/2018-05-15;2018-05-15/2018-06-05;2018-06-05/2018-06-22;2018-06-22/2018-07-04;2018-07-04/2018-07-14;2018-07-14/2018-07-16;2018-07-17/2018-07-19;2018-07-19/2018-07-23;2018-07-24/2018-08-14;2018-08-14/2018-09-01;2018-09-01/2018-09-13;2018-09-13/2018-09-21;2018-09-21/2018-10-10;2018-10-10/2019-02-26;2019-02-26/2019-06-12;2019-06-12/2020-12-08;2020-12-10/2021-04-21;2021-04-21/2023-09-01
0xilly;2015-11-25/2016-11-26;2016-11-29/2016-12-01;2016-12-01/2016-12-08;2016-12-08/2016-12-31;2017-01-03/2017-01-09;2017-01-09/2017-01-11;2017-01-12/2017-01-14;2017-01-15/2017-01-17;2017-01-17/2017-01-21;2017-01-21/2017-01-23;2017-01-23/2017-01-26;2017-01-26/2017-02-02;2017-02-03/2017-02-06;2017-02-07/2017-02-09;2017-02-11/2017-02-13;2017-02-13/2017-02-25;2017-02-25/2017-05-31;2017-05-31/2017-06-09;2017-06-09/2018-09-20;2018-09-20/2020-10-15;2020-10-15/2021-02-13;2021-02-13/2023-06-07;2023-06-08/2023-07-07;2023-07-07/2023-09-01
techbrew-mc;2015-12-01/2023-09-01
minzmann;2015-12-12/2023-09-01
williewillus;2015-12-18/2016-01-07;2016-01-07/2016-03-09;2016-03-09/2016-03-18;2016-03-22/2016-04-05;2016-04-05/2016-04-15;2016-04-15/2016-05-02;2016-05-02/2016-05-16;2016-05-18/2016-06-04;2016-06-04/2016-06-09;2016-06-09/2016-06-16;2016-06-16/2016-06-21;2016-06-21/2016-07-09;2016-07-09/2016-07-23;2016-07-24/2016-08-17;2016-08-17/2016-11-29;2016-11-29/2017-01-02;2017-01-02/2017-01-06;2017-01-06/2017-01-11;2017-01-12/2017-01-14;2017-01-14/2017-01-24;2017-01-24/2017-02-20;2017-02-20/2017-02-23;2017-02-24/2017-03-17;2017-03-17/2017-04-07;2017-04-07/2017-05-02;2017-05-02/2017-05-12;2017-05-12/2017-06-01;2017-06-01/2017-06-19;2017-06-19/2017-07-08;2017-07-08/2017-08-01;2017-08-01/2017-09-06;2017-09-06/2017-10-02;2017-10-02/2017-10-31;2017-10-31/2017-11-15;2017-11-15/2017-11-25;2017-11-25/2018-01-18;2018-01-19/2018-03-16;2018-03-16/2018-04-01;2018-04-02/2018-05-10;2018-05-10/2019-01-10;2019-01-11/2019-01-13;2019-01-13/2019-01-15;2019-01-15/2019-01-25;2019-01-25/2019-02-08;2019-02-08/2019-02-15;2019-02-15/2019-02-17;2019-02-17/2019-03-05;2019-03-05/2019-03-25;2019-03-25/2019-04-05;2019-04-05/2019-04-11;2019-04-11/2019-04-16;2019-04-16/2019-05-13;2019-05-13/2019-07-09;2019-07-09/2019-08-15;2019-08-15/2019-08-29;2019-08-29/2019-10-10;2019-10-11/2020-01-29;2020-01-29/2020-02-14;2020-02-14/2020-05-03;2020-05-03/2020-06-12;2020-06-12/2021-12-13;2021-12-13/2022-05-03;2022-05-03/2023-09-01
BlayTheNinth;2016-01-16/2016-03-19;2016-03-19/2016-06-23;2016-06-23/2016-12-03;2016-12-03/2017-04-07;2017-04-07/2017-06-27;2017-06-27/2017-09-06;2017-09-06/2023-09-01
boq;2015-01-30/2016-01-09;2016-01-09/2017-01-07;2017-01-07/2017-02-25;2017-02-25/2017-08-01;2017-08-01/2017-08-09;2017-08-09/2017-10-31;2017-10-31/2017-11-09;2017-11-09/2017-12-17;2017-12-17/2017-12-26;2017-12-26/2018-01-07;2018-01-07/2018-02-01;2018-02-01/2023-09-01
iLexiconn;2016-01-21/2016-02-12;2016-02-12/2023-09-01
VikeStep;2016-01-03/2023-09-01
Mumfrey;2014-08-22/2016-01-27;2016-01-27/2016-06-29;2016-06-29/2020-10-05;2020-10-05/2023-09-01
pau101;2016-02-05/2016-08-23;2016-08-23/2016-09-13;2016-09-13/2017-02-26;2017-02-26/2017-09-18;2017-09-18/2018-06-24;2018-06-24/2019-04-12;2019-04-12/2023-09-01
LunNova;2016-02-13/2023-09-01
Elix-x;2016-02-22/2023-09-01
Corosauce;2016-03-20/2017-02-17;2017-02-17/2017-02-20;2017-02-20/2020-12-05;2020-12-05/2023-09-01
iTitus;2016-03-19/2016-03-23;2016-03-23/2016-04-05;2016-04-05/2016-04-13;2016-04-13/2021-07-26;2021-07-26/2021-08-31;2021-08-31/2023-09-01
gigaherz;2016-01-31/2016-02-04;2016-02-04/2016-03-21;2016-03-21/2016-03-28;2016-03-28/2016-12-31;2016-12-31/2017-02-24;2017-02-24/2018-10-20;2018-10-20/2018-11-20;2018-11-20/2018-12-10;2018-12-10/2018-12-12;2018-12-13/2018-12-16;2018-12-16/2018-12-18;2018-12-18/2019-01-11;2019-01-11/2019-03-02;2019-03-03/2019-07-02;2019-07-02/2019-07-23;2019-07-23/2019-07-28;2019-07-28/2019-08-24;2019-08-24/2019-08-29;2019-08-29/2019-08-31;2019-08-31/2019-09-11;2019-09-12/2019-10-05;2019-10-05/2019-10-07;2019-10-07/2019-10-16;2019-10-16/2019-12-17;2019-12-17/2019-12-19;2019-12-20/2019-12-24;2019-12-24/2019-12-27;2019-12-27/2019-12-29;2019-12-29/2020-01-01;2020-01-02/2020-01-04;2020-01-04/2020-01-07;2020-01-07/2020-01-11;2020-01-11/2020-01-13;2020-01-13/2020-01-16;2020-01-16/2020-01-23;2020-01-23/2020-01-26;2020-01-26/2020-02-02;2020-02-02/2020-02-14;2020-02-15/2020-03-13;2020-03-13/2020-04-12;2020-04-12/2020-04-23;2020-04-23/2020-04-28;2020-04-28/2020-05-03;2020-05-03/2020-05-06;2020-05-06/2020-05-15;2020-05-15/2020-06-04;2020-06-04/2020-06-26;2020-06-27/2020-07-02;2020-07-03/2020-07-08;2020-07-08/2020-08-08;2020-08-09/2020-08-25;2020-08-25/2020-09-15;2020-09-15/2020-10-03;2020-10-03/2020-10-09;2020-10-09/2020-10-20;2020-10-20/2020-10-29;2020-10-29/2020-11-02;2020-11-02/2020-11-07;2020-11-07/2020-11-27;2020-11-27/2021-03-10;2021-03-13/2021-04-18;2021-04-18/2021-05-12;2021-05-13/2021-05-25;2021-05-25/2021-07-25;2021-07-25/2021-07-29;2021-07-29/2021-08-10;2021-08-10/2021-08-30;2021-08-30/2021-09-14;2021-09-14/2021-09-17;2021-09-17/2021-10-04;2021-10-05/2021-11-30;2021-11-30/2021-12-02;2021-12-02/2022-01-20;2022-01-20/2022-02-28;2022-03-01/2022-03-13;2022-03-13/2022-05-22;2022-05-22/2022-06-09;2022-06-09/2022-06-25;2022-06-25/2022-12-11;2022-12-11/2023-04-27;2023-04-27/2023-05-15;2023-05-15/2023-06-26;2023-06-26/2023-09-01
Thutmose;2016-03-22/2023-09-01
shadowfacts;2015-10-25/2016-04-01;2016-04-01/2016-05-09;2016-05-09/2016-05-28;2016-05-28/2016-06-17;2016-06-17/2016-10-15;2016-10-15/2016-11-17;2016-11-18/2017-06-17;2017-06-17/2023-09-01
hea3ven;2016-03-08/2023-09-01
McJty;2016-04-04/2023-09-01
AEnterprise;2016-04-04/2017-10-31;2017-10-31/2023-09-01
Zenith-One;2016-04-07/2023-09-01
maruohon;2016-04-07/2016-06-04;2016-06-04/2018-04-01;2018-04-01/2023-09-01
CrafterKina;2016-04-09/2017-04-07;2017-04-07/2017-07-02;2017-07-02/2017-07-09;2017-07-09/2023-09-01
AlexIIL;2016-05-03/2018-04-13;2018-04-13/2023-09-01
AtomicBlom;2016-05-20/2016-09-13;2016-09-13/2016-10-09;2016-10-09/2023-09-01
GoryMoon;2016-06-09/2019-01-27;2019-01-27/2023-09-01
ManOfJ;2016-06-11/2023-09-01
GirafiStudios;2016-06-23/2019-02-04;2019-02-04/2019-08-29;2019-08-29/2021-02-06;2021-02-06/2022-01-20;2022-01-20/2022-12-19;2022-12-19/2023-09-01
CreativeMD;2016-07-13/2017-02-23;2017-02-23/2018-02-02;2018-02-02/2018-03-25;2018-03-25/2018-04-01;2018-04-01/2022-07-09;2022-07-09/2023-02-24;2023-02-24/2023-09-01
ezterry;2016-07-21/2016-11-17;2016-11-17/2023-09-01
josephcsible;2016-07-23/2016-08-12;2016-08-12/2017-02-24;2017-02-24/2017-09-03;2017-09-03/2017-09-30;2017-09-30/2017-10-31;2017-10-31/2017-12-13;2017-12-13/2017-12-17;2017-12-17/2018-01-05;2018-01-05/2018-03-17;2018-03-17/2018-04-01;2018-04-01/2018-04-23;2018-04-23/2023-09-01
grim3212;2016-07-24/2023-09-01
RedRelay;2016-07-28/2023-09-01
shartte;2016-08-12/2020-06-19;2020-06-19/2021-05-09;2021-05-09/2021-06-28;2021-06-28/2021-07-18;2021-07-18/2022-12-09;2022-12-09/2023-09-01
marvin-roesch;2016-01-07/2016-02-10;2016-02-10/2016-05-19;2016-05-19/2016-09-13;2016-09-13/2016-11-27;2016-11-27/2016-11-30;2016-11-30/2017-03-17;2017-03-17/2017-06-08;2017-06-09/2017-06-15;2017-06-16/2017-06-27;2017-06-27/2017-07-02;2017-07-02/2017-07-15;2017-07-15/2017-07-25;2017-07-26/2017-08-18;2017-08-18/2017-09-06;2017-09-06/2017-09-27;2017-09-29/2017-10-03;2017-10-03/2017-12-26;2017-12-28/2018-01-26;2018-01-28/2018-03-28;2018-03-28/2018-04-18;2018-04-18/2018-04-20;2018-04-20/2018-05-17;2018-05-17/2018-05-24;2018-05-25/2018-06-08;2018-06-09/2018-06-15;2018-06-15/2018-07-05;2018-07-05/2018-07-20;2018-07-20/2018-08-06;2018-08-06/2018-08-21;2018-08-21/2018-08-28;2018-08-28/2018-09-24;2018-09-24/2019-01-25;2019-01-25/2019-02-18;2019-02-18/2019-05-09;2019-05-09/2020-02-20;2020-02-20/2023-09-01
LatvianModder;2016-09-13/2016-11-04;2016-11-04/2018-05-17;2018-05-17/2018-06-27;2018-06-27/2023-09-01
mmehnert;2016-09-23/2023-09-01
bs2609;2016-10-23/2016-11-27;2016-11-27/2016-12-01;2016-12-03/2016-12-17;2016-12-17/2016-12-21;2016-12-21/2017-01-11;2017-01-12/2017-02-23;2017-02-24/2017-04-07;2017-04-07/2017-05-02;2017-05-02/2017-05-26;2017-05-26/2017-06-01;2017-06-01/2017-06-15;2017-06-15/2017-06-19;2017-06-21/2017-06-24;2017-06-24/2017-06-26;2017-06-26/2017-07-13;2017-07-13/2017-07-30;2017-07-30/2017-08-01;2017-08-01/2017-08-09;2017-08-09/2017-09-06;2017-09-06/2017-09-17;2017-09-17/2017-10-02;2017-10-02/2017-10-09;2017-10-09/2017-10-21;2017-10-21/2017-10-31;2017-10-31/2017-11-03;2017-11-03/2017-11-06;2017-11-06/2017-11-09;2017-11-09/2017-11-11;2017-11-12/2017-11-15;2017-11-15/2017-11-19;2017-11-19/2017-11-27;2017-11-27/2017-12-13;2017-12-14/2017-12-17;2017-12-17/2018-01-08;2018-01-09/2018-01-18;2018-01-18/2018-01-29;2018-01-29/2018-02-02;2018-02-02/2018-02-11;2018-02-11/2018-02-16;2018-02-17/2018-02-22;2018-02-22/2018-02-27;2018-02-27/2018-03-13;2018-03-13/2018-04-01;2018-04-02/2018-04-13;2018-04-13/2018-04-15;2018-04-15/2018-04-22;2018-04-22/2018-04-27;2018-04-27/2018-05-07;2018-05-07/2018-05-12;2018-05-12/2018-05-17;2018-05-17/2018-05-20;2018-05-20/2018-05-27;2018-05-27/2018-06-01;2018-06-01/2018-06-13;2018-06-13/2018-06-20;2018-06-20/2018-06-24;2018-06-24/2018-06-27;2018-06-27/2018-07-03;2018-07-03/2018-07-05;2018-07-05/2018-07-14;2018-07-14/2018-07-18;2018-07-18/2018-07-29;2018-07-29/2018-08-01;2018-08-01/2018-08-16;2018-08-16/2018-08-27;2018-08-27/2018-10-06;2018-10-06/2018-10-18;2018-10-18/2018-11-15;2018-11-15/2018-11-23;2018-11-23/2018-11-26;2018-11-26/2019-01-04;2019-01-04/2019-01-11;2019-01-11/2019-02-13;2019-02-13/2019-02-15;2019-02-15/2019-02-19;2019-02-19/2019-02-25;2019-02-25/2019-03-12;2019-03-12/2019-03-14;2019-03-14/2019-03-17;2019-03-17/2019-04-11;2019-04-12/2019-04-23;2019-04-23/2019-06-25;2019-06-25/2023-09-01
CoderAtParadise;2016-10-24/2016-12-01;2016-12-01/2016-12-17;2016-12-17/2017-02-24;2017-02-24/2023-09-01
raoulvdberge;2016-10-30/2023-09-01
Aaron1011;2016-11-01/2017-02-23;2017-02-23/2019-02-11;2019-02-13/2019-04-25;2019-04-25/2019-05-09;2019-05-09/2023-09-01
maxanier;2016-11-05/2016-12-17;2016-12-17/2017-05-02;2017-05-02/2017-07-08;2017-07-08/2019-10-14;2019-10-14/2020-07-17;2020-07-17/2020-08-21;2020-08-21/2020-10-02;2020-10-02/2021-01-26;2021-01-26/2021-02-15;2021-02-15/2021-10-15;2021-10-15/2023-09-01
Larsg310;2016-11-17/2019-04-16;2019-04-16/2023-09-01
Barteks2x;2016-11-17/2017-02-24;2017-02-24/2017-06-01;2017-06-01/2017-08-13;2017-08-13/2017-08-27;2017-08-27/2017-08-29;2017-08-29/2019-02-07;2019-02-07/2019-02-16;2019-02-16/2019-07-19;2019-07-19/2019-10-14;2019-10-14/2020-01-29;2020-01-29/2020-02-28;2020-02-29/2023-07-09;2023-07-09/2023-09-01
TechnicianLP;2016-11-18/2016-11-30;2016-11-30/2017-06-01;2017-06-01/2017-06-20;2017-06-20/2017-06-24;2017-06-24/2023-09-01
LogicTechCorp;2016-12-01/2023-09-01
rockhymas;2016-12-17/2023-09-01
hasunwoo;2016-12-17/2023-09-01
JDLogic;2016-12-21/2017-01-12;2017-01-12/2017-04-05;2017-04-05/2017-04-28;2017-04-28/2017-11-10;2017-11-10/2017-12-17;2017-12-17/2018-01-18;2018-01-18/2018-07-26;2018-07-28/2018-08-11;2018-08-11/2018-08-17;2018-08-17/2018-09-11;2018-09-11/2018-09-21;2018-09-21/2018-10-12;2018-10-13/2018-12-18;2018-12-18/2019-01-09;2019-01-09/2019-01-30;2019-01-30/2019-04-29;2019-04-30/2019-05-10;2019-05-10/2019-06-03;2019-06-03/2019-06-14;2019-06-14/2019-09-03;2019-09-03/2019-09-05;2019-09-05/2019-09-12;2019-09-12/2019-10-14;2019-10-15/2019-10-20;2019-10-20/2019-10-28;2019-10-28/2019-12-10;2019-12-10/2020-01-22;2020-01-22/2020-03-29;2020-03-29/2020-06-06;2020-06-06/2020-06-09;2020-06-09/2020-06-13;2020-06-13/2020-06-18;2020-06-18/2020-06-20;2020-06-20/2020-06-24;2020-06-25/2020-07-06;2020-07-06/2020-07-11;2020-07-11/2020-08-01;2020-08-01/2020-08-07;2020-08-07/2020-11-24;2020-11-24/2021-06-01;2021-06-02/2021-06-05;2021-06-05/2023-09-01
Phylogeny;2017-01-11/2017-08-24;2017-08-24/2022-05-03;2022-05-03/2023-09-01
ichttt;2017-01-12/2017-02-24;2017-02-24/2017-05-02;2017-05-02/2017-05-06;2017-05-06/2017-06-25;2017-06-25/2017-07-03;2017-07-03/2017-07-20;2017-07-20/2017-08-01;2017-08-01/2017-09-23;2017-09-23/2018-01-18;2018-01-18/2018-03-01;2018-03-01/2018-03-20;2018-03-20/2018-12-02;2018-12-02/2019-01-20;2019-01-20/2019-01-26;2019-01-27/2019-03-11;2019-03-12/2019-04-09;2019-04-09/2019-04-11;2019-04-12/2019-04-16;2019-04-17/2019-04-24;2019-04-24/2019-05-22;2019-05-22/2019-05-28;2019-05-28/2019-06-03;2019-06-03/2019-06-29;2019-06-29/2019-07-09;2019-07-09/2019-07-20;2019-07-20/2019-07-30;2019-07-30/2019-08-10;2019-08-10/2019-08-29;2019-08-29/2019-09-03;2019-09-03/2019-09-05;2019-09-05/2019-10-14;2019-10-15/2019-12-17;2019-12-19/2020-01-22;2020-01-22/2020-01-29;2020-01-29/2020-02-02;2020-02-03/2020-05-03;2020-05-03/2020-05-12;2020-05-12/2020-05-15;2020-05-15/2020-06-29;2020-07-01/2020-07-06;2020-07-06/2020-08-25;2020-08-25/2020-08-30;2020-08-30/2020-09-08;2020-09-08/2020-09-23;2020-09-24/2021-02-16;2021-02-16/2021-09-16;2021-09-16/2021-11-02;2021-11-02/2021-11-09;2021-11-09/2021-11-24;2021-11-24/2022-02-28;2022-02-28/2023-09-01
modmuss50;2017-01-12/2023-09-01
mcenderdragon;2017-01-24/2017-08-01;2017-08-01/2017-11-09;2017-11-09/2017-11-17;2017-11-17/2018-02-14;2018-02-14/2018-08-16;2018-08-16/2018-12-02;2018-12-02/2018-12-06;2018-12-06/2018-12-20;2018-12-20/2019-01-25;2019-01-25/2019-02-07;2019-02-07/2019-09-03;2019-09-03/2020-01-29;2020-01-29/2020-08-21;2020-08-21/2023-09-01
Guichaguri;2017-02-24/2023-09-01
mattiamalonni;2017-03-15/2023-09-01
Earthcomputer;2017-03-15/2023-09-01
miuirussia;2017-04-03/2023-09-01
jcranky;2017-04-07/2023-09-01
Da-Technomancer;2017-04-07/2023-09-01
Naiten;2017-04-07/2023-09-01
PhiPro95;2017-04-08/2017-08-01;2017-08-01/2017-10-31;2017-10-31/2023-09-01
leviathan143;2017-04-08/2017-12-17;2017-12-17/2018-01-18;2018-01-18/2018-01-24;2018-01-24/2023-09-01
bogger33;2017-04-08/2023-09-01
Madsthunder;2017-05-01/2017-05-26;2017-05-26/2017-07-20;2017-07-20/2023-09-01
maxashen;2017-05-02/2023-09-01
Flaxbeard;2017-05-26/2023-09-01
RlonRyan;2017-06-01/2017-07-03;2017-07-03/2023-09-01
covers1624;2017-06-28/2017-08-01;2017-08-01/2017-11-20;2017-11-20/2018-01-18;2018-01-18/2019-12-23;2019-12-23/2020-05-11;2020-05-11/2020-05-15;2020-05-15/2020-06-07;2020-06-07/2020-06-09;2020-06-09/2020-06-11;2020-06-11/2020-06-19;2020-06-19/2020-06-22;2020-06-22/2020-06-24;2020-06-25/2020-10-14;2020-10-14/2020-11-29;2020-11-29/2021-01-07;2021-01-07/2021-01-19;2021-01-19/2021-01-22;2021-01-23/2021-01-30;2021-01-30/2021-02-11;2021-02-11/2021-02-19;2021-02-19/2021-03-22;2021-03-22/2021-06-01;2021-06-01/2021-07-17;2021-07-17/2021-10-04;2021-10-04/2022-07-10;2022-07-10/2023-09-01
EliteMasterEric;2017-06-06/2023-09-01
Xalcon;2017-07-03/2017-07-20;2017-07-20/2017-08-01;2017-08-01/2023-09-01
talandar;2017-07-03/2023-09-01
Landmaster;2017-07-20/2017-08-01;2017-08-01/2017-08-09;2017-08-09/2017-10-02;2017-10-02/2019-03-12;2019-03-12/2023-09-01
malte0811;2017-07-20/2018-01-20;2018-01-20/2018-01-29;2018-01-29/2018-03-24;2018-03-24/2018-04-01;2018-04-01/2018-07-23;2018-07-23/2018-07-26;2018-07-26/2018-11-15;2018-11-15/2018-12-04;2018-12-04/2020-02-14;2020-02-14/2020-07-15;2020-07-15/2020-08-21;2020-08-21/2020-09-10;2020-09-10/2020-10-29;2020-10-29/2021-01-07;2021-01-07/2021-02-15;2021-02-15/2021-08-15;2021-08-15/2023-09-01
rslink;2017-07-30/2023-09-01
P3pp3rF1y;2017-08-01/2023-09-01
InfinityRaider;2017-08-01/2023-09-01
howtonotwin;2016-08-09/2016-08-11;2016-08-14/2016-10-01;2016-10-01/2016-10-03;2016-10-03/2016-10-07;2016-10-07/2016-10-18;2016-10-19/2016-10-28;2016-10-31/2016-12-23;2016-12-23/2016-12-25;2016-12-26/2017-01-16;2017-01-16/2017-01-24;2017-01-24/2017-04-25;2017-04-25/2017-07-07;2017-07-07/2017-07-23;2017-07-23/2017-07-26;2017-07-27/2017-08-01;2017-08-01/2023-09-01
KnightMiner;2017-08-09/2018-01-02;2018-01-02/2020-12-28;2020-12-28/2021-01-17;2021-01-17/2021-02-16;2021-02-16/2021-04-30;2021-04-30/2022-01-21;2022-01-21/2022-03-23;2022-03-24/2022-04-05;2022-04-05/2022-05-02;2022-05-03/2022-06-14;2022-06-14/2022-11-30;2022-11-30/2023-03-03;2023-03-03/2023-03-08;2023-03-08/2023-09-01
Flashfyre;2017-08-09/2017-09-23;2017-09-23/2023-09-01
codewarrior0;2017-08-18/2023-09-01
Nedelosk;2017-08-18/2023-09-01
dualspiral;2017-09-06/2023-09-01
thiakil;2017-09-17/2018-07-24;2018-07-24/2023-09-01
mincrmatt12;2017-10-21/2018-09-24;2018-09-24/2023-09-01
jabelar;2017-10-31/2017-12-08;2017-12-08/2023-09-01
Shadows-of-Fire;2017-10-31/2018-03-27;2018-03-27/2018-04-01;2018-04-01/2018-04-18;2018-04-18/2018-07-29;2018-07-29/2019-01-25;2019-01-25/2019-03-25;2019-03-25/2019-08-29;2019-08-29/2019-09-16;2019-09-17/2020-01-22;2020-01-22/2020-05-03;2020-05-03/2020-11-10;2020-11-10/2020-12-28;2020-12-28/2022-01-20;2022-01-20/2022-02-22;2022-02-22/2022-05-03;2022-05-03/2022-05-21;2022-05-21/2022-05-31;2022-05-31/2022-06-13;2022-06-13/2022-07-12;2022-07-12/2022-08-05;2022-08-05/2022-08-16;2022-08-16/2022-09-03;2022-09-03/2022-11-30;2022-11-30/2022-12-31;2022-12-31/2023-01-06;2023-01-06/2023-03-23;2023-03-23/2023-03-29;2023-03-30/2023-04-03;2023-04-03/2023-05-05;2023-05-06/2023-06-27;2023-06-27/2023-09-01
rguy96;2017-10-31/2023-09-01
joeflatt;2017-10-31/2023-09-01
yrsegal;2017-10-31/2019-09-03;2019-09-03/2023-09-01
ustc-zzzz;2017-11-08/2019-04-11;2019-04-11/2022-06-14;2022-06-14/2023-09-01
BillyGalbreath;2017-11-09/2017-12-17;2017-12-17/2023-09-01
skupr;2017-11-13/2023-09-01
Gegy;2017-12-17/2018-07-29;2018-07-29/2019-02-16;2019-02-16/2022-06-05;2022-06-05/2023-07-05;2023-07-05/2023-09-01
mrkirby153;2017-12-17/2023-09-01
Melonslise;2017-12-17/2023-09-01
SteveKunG;2017-12-17/2023-09-01
MineMaarten;2018-01-18/2023-09-01
alexbobp;2018-01-18/2023-09-01
Managarmr719;2018-02-02/2019-08-29;2019-08-29/2020-03-17;2020-03-17/2023-09-01
Wyn-Price;2018-03-13/2019-03-15;2019-03-15/2019-08-29;2019-08-29/2019-10-02;2019-10-02/2019-10-11;2019-10-11/2019-10-22;2019-10-22/2019-10-28;2019-10-28/2020-01-22;2020-01-22/2022-04-17;2022-04-17/2023-09-01
temp1011;2018-04-01/2018-05-15;2018-05-15/2018-05-17;2018-05-17/2018-07-31;2018-07-31/2023-09-01
TheCyberBrick;2018-04-01/2018-08-16;2018-08-16/2023-09-01
Mordenkainen;2018-04-01/2023-09-01
Judge40;2018-04-01/2021-07-17;2021-07-17/2022-03-06;2022-03-06/2022-09-21;2022-09-21/2023-09-01
ChiriVulpes;2018-04-01/2023-09-01
UnRealDinnerbone;2018-06-27/2023-09-01
Weissmoon;2018-07-05/2023-09-01
KidsDontPlay;2018-07-14/2018-10-16;2018-10-16/2018-11-24;2018-11-24/2023-09-01
Eragonn1490;2018-07-29/2023-09-01
Generalcamo;2018-07-29/2023-09-01
Karthas077;2018-07-29/2023-09-01
DaemonUmbra;2018-08-10/2019-04-16;2019-04-16/2019-07-04;2019-07-04/2019-07-08;2019-07-08/2019-08-02;2019-08-03/2019-08-16;2019-08-16/2019-08-29;2019-08-29/2019-10-25;2019-10-25/2019-11-01;2019-11-01/2019-11-05;2019-11-05/2019-11-12;2019-11-12/2019-11-21;2019-11-21/2019-12-02;2019-12-03/2020-01-07;2020-01-07/2020-01-30;2020-01-30/2020-02-17;2020-02-17/2020-02-26;2020-02-26/2020-06-12;2020-06-12/2020-06-18;2020-06-18/2020-06-28;2020-06-28/2020-10-02;2020-10-02/2020-10-08;2020-10-08/2021-02-16;2021-02-16/2021-07-17;2021-07-17/2021-07-28;2021-07-28/2021-07-30;2021-07-30/2021-08-01;2021-08-01/2021-09-18;2021-09-18/2021-11-24;2021-11-24/2022-05-03;2022-05-03/2022-05-23;2022-05-23/2023-09-01
tomelfring;2018-08-13/2023-09-01
Pyrofab;2018-08-16/2023-09-01
TheIllusiveC4;2018-08-16/2019-04-11;2019-04-11/2023-09-01
Librazy;2018-11-13/2018-12-10;2018-12-10/2023-09-01
jamierocks;2018-12-10/2020-05-06;2020-05-06/2020-05-12;2020-05-12/2020-07-27;2020-07-27/2021-06-02;2021-06-02/2021-09-22;2021-09-22/2021-10-13;2021-10-13/2023-09-01
dargonforce;2019-01-11/2023-09-01
SquidDev;2019-01-13/2019-01-24;2019-01-25/2019-02-16;2019-02-16/2019-02-19;2019-02-19/2019-06-12;2019-06-12/2020-11-10;2020-11-10/2020-12-28;2020-12-28/2021-08-18;2021-08-18/2021-12-04;2021-12-04/2022-03-22;2022-03-22/2022-06-28;2022-06-28/2022-07-09;2022-07-09/2022-11-23;2022-11-23/2023-03-15;2023-03-15/2023-07-05;2023-07-05/2023-09-01
OhYea777;2019-01-12/2019-01-24;2019-01-24/2019-02-06;2019-02-06/2019-02-16;2019-02-20/2019-05-11;2019-05-11/2019-12-10;2019-12-10/2023-09-01
vrtl;2019-01-25/2019-02-04;2019-02-04/2019-02-06;2019-02-07/2019-02-19;2019-02-19/2023-09-01
m00nl1ght-dev;2019-02-09/2019-07-04;2019-07-04/2023-09-01
Cadiboo;2019-02-18/2019-03-01;2019-03-01/2019-07-09;2019-07-09/2020-01-21;2020-01-22/2020-01-27;2020-01-27/2020-01-29;2020-01-29/2020-04-22;2020-04-22/2023-09-01
MoreThanHidden;2019-02-26/2023-09-01
itsmeow;2019-03-13/2019-06-12;2019-06-12/2019-07-16;2019-07-16/2019-08-02;2019-08-02/2020-06-26;2020-06-26/2023-09-01
JoJoDeveloping;2019-03-17/2019-03-25;2019-03-25/2019-06-22;2019-06-22/2019-07-20;2019-07-20/2019-08-02;2019-08-02/2019-10-15;2019-10-15/2020-01-27;2020-01-27/2021-04-30;2021-04-30/2023-09-01
0uti;2019-04-16/2023-09-01
coaster3000;2019-03-12/2023-09-01
Pokechu22;2018-08-03/2018-08-06;2018-08-06/2018-09-30;2018-09-30/2019-03-22;2019-03-22/2019-05-09;2019-05-09/2019-05-12;2019-05-12/2023-09-01
DarkGuardsman;2019-04-11/2023-09-01
Hugman76;2019-03-21/2023-09-01
ben-mkiv;2019-04-09/2023-09-01
Bricktricker;2019-04-10/2019-10-15;2019-10-15/2023-09-01
HyCraftHD;2019-06-12/2019-06-25;2019-06-25/2021-08-02;2021-08-02/2023-09-01
marcus8448;2019-06-12/2023-09-01
Unnoen;2019-06-25/2019-09-16;2019-09-16/2020-02-14;2020-02-14/2020-08-14;2020-08-14/2021-01-21;2021-01-21/2023-09-01
tedstardev;2019-06-25/2019-07-08;2019-07-08/2023-09-01
RedBorg;2019-06-25/2023-09-01
MajorTuvok;2019-06-25/2023-09-01
alalwww;2019-06-26/2023-09-01
primetoxinz;2019-07-03/2023-09-01
suppergerrie2;2019-07-08/2023-09-01
Cloudhunter;2019-07-08/2023-09-01
sargunv;2019-07-09/2023-09-01
alucas;2019-07-09/2023-09-01
YouDirk;2019-07-09/2023-09-01
ewewukek;2019-07-16/2020-02-14;2020-02-14/2023-09-01
cjm721;2019-07-18/2023-09-01
ThomasAunvik;2019-07-20/2023-09-01
Cheaterpaul;2019-07-30/2019-10-28;2019-10-28/2019-12-02;2019-12-02/2020-07-27;2020-07-27/2023-09-01
Gamebuster19901;2019-08-02/2023-09-01
henkelmax;2019-08-02/2023-09-01
desht;2019-08-02/2022-07-09;2022-07-09/2023-09-01
kirderf1;2019-08-15/2023-09-01
valoeghese;2019-08-29/2020-04-09;2020-04-09/2023-09-01
BlakeBr0;2019-08-29/2023-09-01
Aeltumn;2019-08-29/2019-09-03;2019-09-03/2019-10-17;2019-10-17/2019-11-05;2019-11-05/2019-12-10;2019-12-10/2020-01-16;2020-01-16/2020-01-21;2020-01-22/2020-01-26;2020-01-26/2020-01-29;2020-01-29/2020-02-14;2020-02-14/2020-04-22;2020-04-22/2023-09-01
MrCrayfish;2019-09-16/2023-09-01
Nightenom;2019-09-16/2020-03-11;2020-03-11/2020-09-22;2020-09-22/2021-06-08;2021-06-08/2023-09-01
FireController1847;2019-10-14/2021-03-03;2021-03-03/2023-09-01
AfterRebelion;2019-10-22/2023-09-01
suarezsandicamilo;2019-06-04/2019-11-01;2019-11-01/2023-09-01
pupnewfster;2019-11-12/2019-11-21;2019-11-21/2019-12-19;2019-12-19/2020-01-07;2020-01-07/2020-02-03;2020-02-03/2020-02-06;2020-02-06/2020-02-17;2020-02-17/2020-05-03;2020-05-03/2020-06-27;2020-06-27/2020-06-29;2020-06-29/2020-07-06;2020-07-06/2020-07-10;2020-07-10/2020-09-09;2020-09-09/2020-09-24;2020-09-24/2020-10-02;2020-10-02/2020-10-06;2020-10-07/2020-10-15;2020-10-15/2020-11-23;2020-11-23/2020-12-05;2020-12-05/2020-12-08;2020-12-08/2020-12-28;2020-12-28/2021-01-30;2021-01-30/2021-02-09;2021-02-09/2021-02-16;2021-02-16/2021-03-03;2021-03-03/2021-07-26;2021-07-26/2021-08-31;2021-08-31/2021-12-13;2021-12-13/2022-01-08;2022-01-08/2022-02-08;2022-02-08/2022-02-22;2022-02-22/2022-03-06;2022-03-06/2022-03-15;2022-03-15/2022-04-05;2022-04-05/2022-04-08;2022-04-08/2022-05-05;2022-05-05/2022-06-08;2022-06-08/2022-06-11;2022-06-11/2022-06-14;2022-06-14/2022-06-28;2022-06-28/2022-07-09;2022-07-09/2022-07-12;2022-07-12/2022-08-05;2022-08-05/2022-08-09;2022-08-09/2022-08-16;2022-08-16/2022-10-12;2022-10-12/2023-03-20;2023-03-21/2023-06-20;2023-06-22/2023-06-27;2023-06-27/2023-07-05;2023-07-05/2023-07-10;2023-07-10/2023-07-14;2023-07-14/2023-09-01
nikita488;2019-11-24/2022-09-08;2022-09-08/2023-09-01
SmellyModder;2019-12-02/2019-12-10;2019-12-10/2023-09-01
RANKSHANK;2020-01-07/2023-09-01
Yamahari;2020-01-29/2023-09-01
2008Choco;2020-02-14/2023-09-01
Sm0keySa1m0n;2020-02-14/2020-07-27;2020-07-27/2022-02-08;2022-02-08/2022-03-06;2022-03-06/2022-03-17;2022-03-17/2023-09-01
PSNRigner;2020-02-14/2023-09-01
RobertSkalko;2020-02-14/2023-09-01
juliand665;2020-02-23/2023-09-01
hnOsmium0001;2020-03-27/2023-09-01
dags-;2020-03-27/2023-09-01
naqaden;2020-03-27/2023-09-01
patrick-aoc;2020-04-09/2023-09-01
RogueLogix;2020-04-26/2023-09-01
Desharin;2020-05-03/2023-09-01
CAS-ual-TY;2020-05-03/2023-09-01
LordMonoxide;2020-05-03/2023-09-01
smith61;2020-05-03/2023-09-01
TBoshoven;2020-05-12/2023-09-01
JaisDK;2020-05-12/2022-09-08;2022-09-08/2023-09-01
LXGaming;2020-05-12/2022-05-02;2022-05-02/2022-05-14;2022-05-14/2023-09-01
Cyborgmas;2020-05-14/2020-06-06;2020-06-06/2020-06-14;2020-06-14/2020-06-18;2020-06-18/2020-06-24;2020-06-24/2020-06-26;2020-06-26/2020-06-29;2020-06-30/2020-07-06;2020-07-06/2020-07-18;2020-07-20/2020-07-22;2020-07-22/2020-08-13;2020-08-13/2020-08-19;2020-08-19/2020-08-21;2020-08-21/2020-09-08;2020-09-08/2020-09-15;2020-09-15/2020-11-11;2020-11-11/2020-11-21;2020-11-21/2020-12-10;2020-12-10/2021-01-28;2021-01-28/2021-02-07;2021-02-07/2021-02-09;2021-02-09/2021-02-15;2021-02-15/2021-03-04;2021-03-04/2021-05-14;2021-05-15/2021-05-27;2021-05-27/2021-06-01;2021-06-01/2021-06-04;2021-06-04/2021-06-08;2021-06-08/2021-07-24;2021-07-24/2021-08-18;2021-08-18/2021-08-23;2021-08-23/2021-08-30;2021-08-30/2022-03-24;2022-03-24/2022-07-09;2022-07-09/2023-09-01
EdwinMindcraft;2020-05-15/2020-09-08;2020-09-08/2023-09-01
TheSilkMiner;2020-05-15/2020-06-23;2020-06-24/2020-07-13;2020-07-13/2021-02-02;2021-02-02/2021-07-17;2021-07-17/2021-07-26;2021-07-26/2023-09-01
Funwayguy;2020-03-02/2023-09-01
brandon3055;2020-06-12/2020-08-03;2020-08-03/2021-02-09;2021-02-09/2023-07-15;2023-07-15/2023-09-01
hanetzer;2020-06-25/2023-09-01
yanny7;2020-06-25/2023-09-01
sobrinth;2020-06-26/2023-09-01
Yunus1903;2020-06-26/2020-07-27;2020-07-27/2020-08-13;2020-08-13/2020-08-19;2020-08-19/2020-09-15;2020-09-15/2020-09-23;2020-09-23/2023-09-01
TheCurle;2020-06-26/2020-06-30;2020-06-30/2020-10-08;2020-10-08/2020-11-10;2020-11-10/2020-11-25;2020-11-25/2021-03-12;2021-03-12/2021-03-22;2021-03-22/2021-05-17;2021-05-17/2021-06-14;2021-06-14/2021-08-29;2021-08-29/2021-11-26;2021-11-26/2021-11-30;2021-12-02/2021-12-08;2021-12-08/2022-01-28;2022-01-28/2022-06-07;2022-06-07/2022-06-17;2022-06-19/2022-07-02;2022-07-02/2022-08-31;2022-08-31/2022-12-09;2022-12-09/2023-01-02;2023-01-02/2023-03-23;2023-03-23/2023-03-25;2023-03-25/2023-04-05;2023-04-05/2023-04-17;2023-04-17/2023-09-01
MelanX;2020-06-30/2021-11-21;2021-11-21/2023-09-01
SuperMartijn642;2020-06-30/2021-07-24;2021-07-24/2021-11-21;2021-11-21/2022-01-11;2022-01-11/2022-01-19;2022-01-19/2022-03-24;2022-03-24/2023-09-01
sciwhiz12;2020-07-06/2020-07-08;2020-07-08/2020-07-10;2020-07-10/2020-07-19;2020-07-19/2020-07-27;2020-07-27/2020-08-03;2020-08-04/2020-08-21;2020-08-21/2020-09-03;2020-09-03/2020-09-08;2020-09-08/2020-09-22;2020-09-22/2020-10-02;2020-10-02/2020-10-26;2020-10-26/2020-12-28;2020-12-28/2021-01-12;2021-01-12/2021-02-16;2021-02-17/2021-03-12;2021-03-12/2021-04-06;2021-04-06/2021-04-23;2021-04-23/2021-05-12;2021-05-12/2021-05-15;2021-05-15/2021-05-27;2021-05-27/2021-06-25;2021-06-25/2021-07-03;2021-07-03/2021-08-29;2021-08-29/2021-08-31;2021-09-01/2021-09-08;2021-09-08/2021-09-16;2021-09-16/2021-09-18;2021-09-19/2021-09-24;2021-09-24/2021-10-03;2021-10-03/2021-11-25;2021-11-25/2021-12-13;2021-12-13/2021-12-27;2021-12-27/2022-01-09;2022-01-09/2022-01-20;2022-01-20/2022-02-22;2022-02-22/2022-02-25;2022-02-25/2022-02-28;2022-03-01/2022-03-06;2022-03-06/2022-03-24;2022-03-24/2022-03-30;2022-03-30/2022-04-11;2022-04-11/2022-04-13;2022-04-14/2022-04-17;2022-04-17/2022-05-08;2022-05-08/2022-05-20;2022-05-20/2022-05-27;2022-05-27/2022-05-29;2022-05-29/2022-05-31;2022-06-01/2022-06-05;2022-06-05/2022-06-15;2022-06-15/2022-06-17;2022-06-17/2022-06-19;2022-06-20/2022-06-22;2022-06-22/2022-06-28;2022-06-28/2022-07-07;2022-07-07/2022-07-10;2022-07-10/2022-07-28;2022-07-28/2022-08-16;2022-08-16/2022-08-25;2022-08-25/2022-10-21;2022-10-21/2022-11-08;2022-11-08/2022-11-30;2022-11-30/2022-12-11;2022-12-11/2022-12-16;2022-12-16/2022-12-30;2022-12-30/2023-03-20;2023-03-20/2023-03-27;2023-03-27/2023-04-23;2023-04-23/2023-05-17;2023-05-17/2023-09-01
Mysterious-Dev;2020-07-06/2022-12-26;2022-12-26/2022-12-30;2022-12-30/2023-01-25;2023-01-25/2023-09-01
jaredlll08;2020-07-08/2020-07-15;2020-07-15/2021-12-08;2021-12-08/2023-09-01
seymourimadeit;2020-07-13/2021-02-15;2021-02-15/2023-09-01
AtelierAmber;2020-07-27/2023-09-01
Cyclonit;2020-07-27/2023-09-01
Tschipp;2020-07-27/2020-09-08;2020-09-08/2023-09-01
Raycoms;2020-07-27/2023-09-01
ChampionAsh5357;2020-07-19/2020-08-03;2020-08-03/2020-08-21;2020-08-21/2020-09-08;2020-09-08/2020-10-10;2020-10-10/2021-01-12;2021-01-12/2021-01-27;2021-01-27/2021-03-22;2021-03-22/2021-06-21;2021-06-21/2021-07-17;2021-07-17/2021-08-01;2021-08-01/2021-10-06;2021-10-06/2021-10-15;2021-10-15/2021-10-20;2021-10-20/2021-11-10;2021-11-10/2021-11-25;2021-11-25/2022-01-26;2022-01-26/2022-02-04;2022-02-04/2022-02-09;2022-02-10/2022-02-20;2022-02-20/2022-03-06;2022-03-06/2022-03-27;2022-03-27/2022-03-29;2022-03-30/2022-04-03;2022-04-04/2022-04-08;2022-04-08/2022-04-10;2022-04-10/2022-04-15;2022-04-17/2022-05-05;2022-05-05/2022-05-13;2022-05-13/2022-05-29;2022-05-29/2022-06-05;2022-06-05/2022-06-07;2022-06-07/2022-06-09;2022-06-09/2022-06-12;2022-06-12/2022-06-14;2022-06-15/2022-06-18;2022-06-18/2022-07-21;2022-07-21/2022-08-03;2022-08-03/2022-08-20;2022-08-20/2022-09-14;2022-09-14/2022-09-26;2022-09-27/2022-10-12;2022-10-12/2022-11-02;2022-11-03/2022-12-12;2022-12-12/2022-12-15;2022-12-16/2022-12-19;2022-12-19/2022-12-23;2022-12-23/2023-01-03;2023-01-03/2023-02-05;2023-02-06/2023-02-12;2023-02-13/2023-03-26;2023-03-26/2023-03-28;2023-03-28/2023-03-30;2023-03-30/2023-05-10;2023-05-10/2023-06-08;2023-06-10/2023-06-13;2023-06-13/2023-07-14;2023-07-15/2023-09-01
spnda;2020-08-14/2023-09-01
phit;2020-08-21/2023-09-01
Edivad99;2020-08-21/2023-09-01
nrbeech;2020-09-08/2023-09-01
mrp-v2;2020-07-18/2020-09-08;2020-09-08/2020-12-28;2020-12-28/2021-04-23;2021-04-23/2021-06-08;2021-06-08/2023-09-01
RedstoneDubstep;2020-09-10/2022-06-05;2022-06-05/2022-08-08;2022-08-08/2023-03-19;2023-03-19/2023-09-01
Thelonedevil;2020-09-15/2023-09-01
alcatrazEscapee;2020-09-18/2020-09-22;2020-09-22/2020-09-24;2020-09-24/2020-10-26;2020-10-27/2020-11-20;2020-11-20/2020-11-28;2020-11-28/2020-12-28;2020-12-28/2021-01-06;2021-01-06/2021-02-15;2021-02-15/2021-07-31;2021-07-31/2021-10-15;2021-10-15/2021-10-20;2021-10-20/2022-01-12;2022-01-12/2022-08-11;2022-08-11/2022-08-14;2022-08-14/2023-09-01
cech12;2020-09-28/2021-07-17;2021-07-17/2021-08-30;2021-08-30/2022-01-09;2022-01-09/2022-05-03;2022-05-03/2022-06-28;2022-06-28/2023-02-06;2023-02-06/2023-06-27;2023-06-27/2023-07-05;2023-07-05/2023-09-01
Flanks255;2020-10-08/2023-09-01
Ocelot5836;2020-10-15/2023-09-01
SilverDavidMC;2020-10-16/2021-08-06;2021-08-06/2021-10-20;2021-10-20/2022-05-03;2022-05-03/2022-07-09;2022-07-10/2023-07-14;2023-07-14/2023-09-01
XFactHD;2020-11-10/2021-02-10;2021-02-10/2021-02-15;2021-02-15/2021-04-23;2021-04-23/2021-10-07;2021-10-08/2021-10-20;2021-10-20/2021-10-31;2021-10-31/2021-12-05;2021-12-05/2021-12-13;2021-12-13/2022-01-10;2022-01-10/2022-01-30;2022-01-30/2022-03-04;2022-03-04/2022-03-13;2022-03-13/2022-05-03;2022-05-03/2022-06-05;2022-06-06/2022-06-28;2022-06-28/2022-07-09;2022-07-09/2022-08-05;2022-08-05/2022-08-16;2022-08-16/2022-10-21;2022-10-21/2022-11-08;2022-11-08/2022-12-11;2022-12-12/2022-12-15;2022-12-16/2022-12-19;2022-12-19/2022-12-30;2022-12-30/2023-02-06;2023-02-06/2023-03-16;2023-03-16/2023-03-20;2023-03-22/2023-04-07;2023-04-07/2023-04-20;2023-04-20/2023-05-04;2023-05-04/2023-05-12;2023-05-12/2023-05-15;2023-05-16/2023-05-29;2023-05-29/2023-06-09;2023-06-10/2023-06-20;2023-06-20/2023-06-27;2023-06-27/2023-09-01
Boy132;2020-11-10/2023-09-01
IzzelAliz;2020-11-24/2021-02-18;2021-02-18/2023-09-01
Unbekannt1998;2020-12-05/2021-10-15;2021-10-15/2023-09-01
PellucidDice;2020-12-28/2021-03-22;2021-03-22/2023-09-01
rehwinkel;2021-01-07/2023-09-01
HellFirePvP;2019-07-05/2019-07-28;2019-07-28/2020-04-02;2020-04-02/2021-01-30;2021-01-30/2023-09-01
noobanidus;2021-02-09/2023-09-01
shroomdog27;2021-02-15/2021-04-23;2021-04-23/2021-10-03;2021-10-03/2023-09-01
Drullkus;2021-02-15/2022-07-09;2022-07-09/2023-09-01
TelepathicGrunt;2021-02-15/2021-11-24;2021-11-24/2022-06-13;2022-06-13/2022-06-28;2022-06-28/2022-07-21;2022-07-21/2023-03-28;2023-03-28/2023-09-01
AterAnimAvis;2021-02-15/2021-03-12;2021-03-12/2021-03-24;2021-03-24/2021-04-23;2021-04-23/2021-05-03;2021-05-03/2021-07-17;2021-07-17/2021-11-25;2021-11-26/2021-11-28;2021-11-28/2023-09-01
Maaxed;2021-02-15/2022-06-01;2022-06-01/2022-12-23;2022-12-23/2023-09-01
FledgeXu;2020-07-13/2020-08-14;2020-08-14/2021-02-16;2021-02-16/2023-09-01
Kovak;2021-02-16/2023-07-15;2023-07-15/2023-07-18;2023-07-19/2023-09-01
marchermans;2019-05-09/2020-04-21;2020-04-21/2021-02-25;2021-02-25/2021-07-30;2021-07-30/2021-09-17;2021-09-17/2021-11-21;2021-11-21/2021-11-27;2021-11-27/2021-12-10;2021-12-10/2021-12-25;2021-12-25/2021-12-28;2021-12-28/2022-01-10;2022-01-10/2022-01-15;2022-01-15/2022-01-20;2022-01-20/2022-01-28;2022-01-28/2022-02-04;2022-02-05/2022-02-08;2022-02-08/2022-02-12;2022-02-12/2022-02-24;2022-02-24/2022-02-28;2022-02-28/2022-03-25;2022-03-26/2022-05-19;2022-05-20/2022-05-23;2022-05-24/2022-05-28;2022-05-29/2022-06-05;2022-06-05/2022-06-07;2022-06-07/2022-06-09;2022-06-09/2022-06-11;2022-06-11/2022-06-14;2022-06-15/2022-06-17;2022-06-17/2022-06-24;2022-06-24/2022-06-28;2022-06-28/2022-07-03;2022-07-03/2022-07-09;2022-07-10/2022-07-17;2022-07-17/2022-07-20;2022-07-20/2022-07-22;2022-07-23/2022-07-28;2022-07-28/2022-08-01;2022-08-01/2022-08-03;2022-08-03/2022-08-10;2022-08-10/2022-08-12;2022-08-12/2022-08-14;2022-08-15/2022-10-12;2022-10-12/2022-10-23;2022-10-23/2022-10-26;2022-10-26/2022-11-30;2022-11-30/2022-12-08;2022-12-08/2022-12-12;2022-12-12/2022-12-15;2022-12-15/2023-01-07;2023-01-07/2023-01-09;2023-01-09/2023-02-09;2023-02-09/2023-02-28;2023-02-28/2023-03-18;2023-03-18/2023-05-22;2023-05-22/2023-06-27;2023-06-27/2023-09-01
kaydogz;2021-03-15/2023-09-01
SizableShrimp;2021-03-15/2021-03-30;2021-03-30/2021-06-01;2021-06-01/2021-06-03;2021-06-03/2021-06-06;2021-06-06/2021-06-08;2021-06-10/2021-06-12;2021-06-12/2021-06-14;2021-06-14/2021-06-16;2021-06-18/2021-06-20;2021-06-22/2021-06-24;2021-06-26/2021-06-30;2021-07-01/2021-07-06;2021-07-07/2021-07-13;2021-07-13/2021-07-15;2021-07-18/2021-07-20;2021-07-25/2021-07-27;2021-07-29/2021-08-01;2021-08-02/2021-08-11;2021-08-12/2021-08-18;2021-08-19/2021-08-22;2021-08-22/2021-08-27;2021-08-29/2021-09-12;2021-09-12/2021-09-18;2021-09-18/2021-11-12;2021-11-13/2021-11-24;2021-11-26/2021-11-28;2021-11-30/2021-12-10;2021-12-10/2022-01-22;2022-01-22/2022-02-04;2022-02-04/2022-02-25;2022-02-25/2022-03-01;2022-03-01/2022-03-03;2022-03-03/2022-03-13;2022-03-13/2022-03-16;2022-03-16/2022-03-26;2022-03-26/2022-04-01;2022-04-02/2022-04-05;2022-04-06/2022-04-12;2022-04-12/2022-04-14;2022-04-14/2022-04-21;2022-04-22/2022-05-03;2022-05-03/2022-05-19;2022-05-21/2022-05-31;2022-06-01/2022-06-05;2022-06-05/2022-06-07;2022-06-07/2022-06-09;2022-06-10/2022-06-13;2022-06-14/2022-06-21;2022-06-21/2022-06-24;2022-06-24/2022-06-27;2022-06-29/2022-07-12;2022-07-12/2022-07-18;2022-07-18/2022-07-20;2022-07-20/2022-07-28;2022-07-29/2022-08-10;2022-08-10/2022-08-21;2022-08-21/2022-09-12;2022-09-12/2022-09-30;2022-09-30/2022-10-24;2022-10-24/2022-11-11;2022-11-11/2022-11-21;2022-11-22/2023-01-08;2023-01-09/2023-01-17;2023-01-19/2023-01-24;2023-01-25/2023-01-30;2023-01-30/2023-02-02;2023-02-02/2023-02-24;2023-02-24/2023-03-02;2023-03-02/2023-03-04;2023-03-04/2023-03-10;2023-03-10/2023-03-22;2023-03-23/2023-03-27;2023-03-27/2023-04-02;2023-04-02/2023-04-19;2023-04-20/2023-04-22;2023-04-22/2023-04-24;2023-04-24/2023-04-30;2023-04-30/2023-05-02;2023-05-02/2023-05-06;2023-05-06/2023-05-14;2023-05-14/2023-05-16;2023-05-16/2023-05-18;2023-05-19/2023-05-21;2023-05-24/2023-06-07;2023-06-09/2023-06-11;2023-06-11/2023-09-01
atkarimarton;2021-04-23/2023-09-01
Trikzon;2021-04-30/2023-09-01
noeppi-noeppi;2021-05-17/2021-09-02;2021-09-02/2021-09-16;2021-09-16/2022-07-09;2022-07-09/2022-12-19;2022-12-19/2023-03-24;2023-03-24/2023-05-15;2023-05-15/2023-07-11;2023-07-11/2023-09-01
Commoble;2021-07-15/2021-07-25;2021-07-25/2021-08-18;2021-08-19/2021-12-03;2021-12-03/2022-01-20;2022-01-20/2022-01-22;2022-01-22/2022-06-05;2022-06-05/2022-06-13;2022-06-14/2022-06-28;2022-06-28/2022-08-09;2022-08-09/2023-02-06;2023-02-06/2023-02-24;2023-02-24/2023-03-26;2023-03-26/2023-05-14;2023-05-14/2023-09-01
queekusme;2021-07-17/2023-09-01
mikewk;2021-07-17/2023-09-01
PersonTheCat;2021-07-17/2023-09-01
dhouck;2021-07-17/2023-09-01
sekwah41;2021-07-17/2021-11-25;2021-11-25/2023-09-01
Thelnfamous1;2021-07-17/2023-07-15;2023-07-15/2023-09-01
Won-Ton;2021-07-17/2023-09-01
OneLemonyBoi;2021-07-17/2021-09-27;2021-09-27/2021-10-04;2021-10-04/2023-09-01
AwesomeSyd239;2021-07-17/2023-09-01
baileyholl;2021-07-17/2023-09-01
williambl;2021-07-19/2023-09-01
eerussianguy;2021-07-26/2022-02-08;2022-02-08/2022-02-20;2022-02-20/2022-03-23;2022-03-23/2022-06-28;2022-06-28/2022-08-16;2022-08-16/2022-10-14;2022-10-14/2022-12-12;2022-12-12/2023-09-01
strikerrocker;2021-08-02/2021-08-18;2021-08-18/2023-09-01
Sirttas;2021-08-09/2021-08-18;2021-08-18/2022-08-05;2022-08-05/2022-08-09;2022-08-09/2022-09-03;2022-09-03/2023-09-01
vemerion;2021-08-11/2023-09-01
DavidQF555;2021-09-08/2023-09-01
mysticdrew;2021-09-08/2022-08-05;2022-08-05/2023-09-01
rikka0w0;2021-09-27/2023-09-01
percivalalb;2021-10-03/2023-09-01
dipo33;2021-10-15/2022-02-04;2022-02-04/2023-09-01
uSkizzik;2021-11-09/2021-11-25;2021-11-25/2023-09-01
Minecraftschurli;2021-11-09/2021-11-20;2021-11-20/2022-04-08;2022-04-08/2022-09-03;2022-09-03/2022-11-30;2022-11-30/2022-12-16;2022-12-16/2022-12-30;2022-12-30/2023-01-08;2023-01-08/2023-01-23;2023-01-23/2023-09-01
PlatinPython;2021-11-24/2022-04-13;2022-04-13/2022-07-09;2022-07-09/2023-09-01
Harleyoc1;2021-11-25/2023-09-01
PaintNinja;2021-01-19/2021-05-01;2021-05-01/2021-05-11;2021-05-11/2021-11-25;2021-11-25/2022-03-06;2022-03-06/2022-04-06;2022-04-06/2022-05-11;2022-05-11/2022-05-21;2022-05-21/2022-06-08;2022-06-08/2022-06-13;2022-06-13/2022-07-01;2022-07-01/2022-07-11;2022-07-11/2022-10-03;2022-10-03/2023-02-01;2023-02-01/2023-03-27;2023-03-27/2023-06-27;2023-06-27/2023-07-05;2023-07-05/2023-07-14;2023-07-14/2023-08-11;2023-08-11/2023-08-29;2023-08-30/2023-09-01
bageldotjpg;2021-12-13/2022-01-08;2022-01-08/2022-01-28;2022-01-28/2023-09-01
JTK222;2018-05-17/2018-06-15;2018-06-15/2018-07-11;2018-07-11/2018-08-18;2018-08-18/2021-12-19;2021-12-20/2021-12-22;2021-12-22/2022-01-02;2022-01-02/2023-09-01
coehlrich;2021-11-17/2021-11-24;2021-11-25/2022-01-20;2022-01-20/2022-01-29;2022-01-29/2022-02-26;2022-02-26/2022-02-28;2022-02-28/2022-03-25;2022-03-25/2022-04-05;2022-04-06/2022-05-20;2022-05-20/2022-05-28;2022-05-28/2022-06-06;2022-06-06/2022-06-14;2022-06-14/2022-07-26;2022-07-26/2022-07-28;2022-07-28/2022-08-05;2022-08-05/2022-08-12;2022-08-12/2022-10-23;2022-10-23/2022-11-11;2022-11-11/2022-11-13;2022-11-13/2022-11-22;2022-11-22/2022-12-07;2022-12-07/2022-12-23;2022-12-23/2023-01-10;2023-01-10/2023-01-14;2023-01-14/2023-01-25;2023-01-25/2023-02-25;2023-02-25/2023-03-04;2023-03-04/2023-03-09;2023-03-09/2023-03-14;2023-03-14/2023-04-01;2023-04-01/2023-04-16;2023-04-16/2023-05-02;2023-05-02/2023-06-05;2023-06-05/2023-06-07;2023-06-08/2023-06-10;2023-06-10/2023-06-28;2023-06-28/2023-09-01
Frinn38;2022-02-08/2023-09-01
Frostygames0;2022-03-05/2023-09-01
BlueAgent;2022-03-15/2023-09-01
Jonathing;2022-03-24/2022-07-09;2022-07-09/2022-07-22;2022-07-22/2023-01-23;2023-01-23/2023-07-15;2023-07-15/2023-07-17;2023-07-17/2023-09-01
Technici4n;2022-04-02/2022-09-03;2022-09-03/2022-12-12;2022-12-12/2022-12-15;2022-12-15/2023-05-05;2023-05-05/2023-07-14;2023-07-14/2023-09-01
SirEndii;2022-04-05/2023-09-01
canitzp;2022-04-13/2023-09-01
Meldexun;2022-05-03/2023-07-14;2023-07-14/2023-07-24;2023-07-24/2023-09-01
TheMrMilchmann;2019-03-07/2022-05-03;2022-05-03/2022-10-31;2022-10-31/2023-09-01
Flemmli97;2022-06-05/2022-07-09;2022-07-09/2023-09-01
Autovw;2022-06-05/2023-09-01
ferriarnus;2022-06-09/2022-06-14;2022-06-14/2022-09-08;2022-09-08/2023-02-06;2023-02-06/2023-09-01
AzureDoom;2022-06-09/2023-09-01
MagnusHJensen;2022-06-14/2022-10-08;2022-10-08/2022-10-12;2022-10-12/2022-10-14;2022-10-14/2023-09-01
Silverminer007;2022-06-15/2023-09-01
Ketok4321;2022-06-28/2023-09-01
Budschie;2022-06-28/2022-09-03;2022-09-03/2023-09-01
dhyces;2022-06-28/2023-07-03;2023-07-03/2023-09-01
daedalus4096;2022-06-28/2023-09-01
amadornes;2018-08-02/2018-08-04;2018-08-04/2018-08-06;2018-08-08/2018-08-10;2018-08-11/2018-08-14;2018-08-16/2018-08-24;2018-08-24/2018-10-06;2018-10-06/2018-10-08;2018-10-08/2021-07-29;2021-07-29/2022-07-07;2022-07-07/2022-07-09;2022-07-12/2022-07-20;2022-07-20/2022-07-26;2022-07-26/2022-08-01;2022-08-01/2022-11-21;2022-11-21/2022-11-23;2022-11-23/2022-11-28;2022-11-28/2023-09-01
bdew;2022-07-09/2023-09-01
agnor99;2022-07-09/2022-08-17;2022-08-17/2022-09-08;2022-09-08/2023-06-08;2023-06-09/2023-06-20;2023-06-20/2023-09-01
Random832;2022-07-09/2023-07-15;2023-07-15/2023-09-01
AnonymousHacker1279;2022-07-09/2022-07-12;2022-07-12/2023-09-01
Caltinor;2022-07-16/2023-09-01
Elenterius;2022-07-17/2023-09-01
triphora;2022-07-20/2023-09-01
Matyrobbrt;2022-07-20/2022-10-10;2022-10-10/2022-10-21;2022-10-21/2022-11-08;2022-11-08/2022-11-21;2022-11-21/2022-12-11;2022-12-12/2022-12-15;2022-12-16/2022-12-19;2022-12-19/2022-12-21;2022-12-25/2022-12-27;2022-12-27/2022-12-30;2022-12-31/2023-01-02;2023-01-02/2023-01-08;2023-01-08/2023-01-15;2023-01-15/2023-01-21;2023-01-21/2023-01-28;2023-01-29/2023-02-05;2023-02-05/2023-02-11;2023-02-11/2023-02-14;2023-02-14/2023-02-16;2023-02-16/2023-02-27;2023-03-01/2023-03-06;2023-03-06/2023-03-08;2023-03-10/2023-03-14;2023-03-15/2023-03-20;2023-03-22/2023-03-27;2023-03-27/2023-03-30;2023-03-31/2023-04-08;2023-04-08/2023-04-18;2023-04-18/2023-04-24;2023-04-24/2023-04-29;2023-04-29/2023-05-01;2023-05-01/2023-05-04;2023-05-04/2023-05-23;2023-05-24/2023-05-29;2023-05-30/2023-06-08;2023-06-09/2023-09-01
zml2008;2021-04-04/2021-04-24;2021-04-24/2021-05-28;2021-05-28/2021-06-02;2021-06-02/2021-07-13;2021-07-13/2021-08-31;2021-08-31/2021-11-12;2021-11-12/2021-11-23;2021-11-23/2021-11-25;2021-11-25/2021-11-27;2021-11-27/2022-05-28;2022-05-29/2022-07-22;2022-07-22/2022-09-23;2022-09-23/2022-10-29;2022-10-29/2022-11-22;2022-11-23/2023-09-01
TheMuso;2022-08-05/2022-08-09;2022-08-09/2023-09-01
JT122406;2022-08-05/2022-09-26;2022-09-26/2022-11-30;2022-11-30/2022-12-12;2022-12-12/2023-03-20;2023-03-20/2023-09-01
Luis-St;2022-08-09/2023-09-01
tmvkrpxl0;2021-09-17/2022-08-17;2022-08-17/2022-08-20;2022-08-20/2023-09-01
bconlon1;2022-09-03/2022-09-08;2022-09-08/2022-12-26;2022-12-26/2022-12-30;2022-12-30/2023-07-14;2023-07-14/2023-09-01
thedarkcolour;2022-09-03/2023-09-01
Rover656;2022-09-04/2023-09-01
lukebemish;2022-09-03/2023-09-01
28Pollux28;2022-09-03/2023-09-01
robotgryphon;2022-09-03/2023-09-01
FiniteReality;2022-09-08/2023-09-01
GizmoTheMoonPig;2022-09-08/2023-09-01
nitrodynamite18;2022-09-08/2023-09-01
daviddempsey;2022-09-21/2023-09-01
DBotThePony;2022-09-28/2022-10-13;2022-10-14/2023-05-05;2023-05-05/2023-07-14;2023-07-14/2023-09-01
Su5eD;2022-11-04/2022-11-08;2022-11-08/2022-11-30;2022-11-30/2022-12-15;2022-12-15/2023-02-24;2023-02-24/2023-04-27;2023-04-27/2023-05-10;2023-05-10/2023-05-16;2023-05-16/2023-07-11;2023-07-11/2023-09-01
Exopandora;2022-12-16/2023-03-22;2023-03-22/2023-09-01
failall;2022-12-26/2023-09-01
Adneths;2023-02-18/2023-09-01
jpenilla;2022-05-29/2023-03-20;2023-03-20/2023-09-01
RealMangorage;2023-04-30/2023-07-15;2023-07-15/2023-07-19;2023-07-19/2023-09-01
ApexModder;2023-05-10/2023-05-29;2023-05-29/2023-09-01
embeddedt;2023-05-14/2023-09-01
Mgazul;2023-06-09/2023-09-01
ChiefArug;2023-06-20/2023-09-01
Tkain;2023-07-04/2023-09-01
JustRed23;2023-07-15/2023-09-01
nathanatnorthernbingedotcom;2023-07-14/2023-09-01
LegoMaster3650;2023-07-17/2023-09-01
invalidCards;2015-06-17/2015-11-12;2015-11-12/2023-09-01
andrewtackett;2015-10-12/2023-09-01
MattDahEpic;2015-10-28/2015-11-03;2015-11-03/2015-12-11;2015-12-11/2023-09-01
Nucleria;2015-12-19/2023-09-01
Krasjet;2016-02-18/2023-09-01
abvadabra;2016-02-29/2023-09-01
meow-j;2016-06-25/2023-09-01
dylanrenwick;2016-07-16/2023-09-01
TheCodedOne;2016-12-31/2023-09-01
elifoster;2017-01-02/2017-01-04;2017-01-04/2017-01-28;2017-01-28/2017-04-10;2017-04-10/2023-09-01
MidnightLightning;2017-04-19/2023-09-01
MinecraftPlaye;2017-05-13/2018-09-23;2018-09-23/2023-09-01
Drakmyth;2017-07-23/2023-09-01
Nullcaller;2017-07-23/2023-09-01
SnowShock35;2017-08-15/2023-09-01
G-Rath;2017-08-23/2018-03-16;2018-03-16/2023-09-01
TehNut;2017-09-25/2018-01-23;2018-01-23/2023-09-01
under-scores;2017-12-24/2023-09-01
basti1302;2018-01-02/2023-09-01
MakotoE;2018-04-27/2023-09-01
ZebulanStanphill;2018-09-17/2023-09-01
ZippeyKeys12;2018-10-06/2023-09-01
3TUSK;2018-10-07/2018-10-11;2018-10-11/2019-02-15;2019-02-15/2023-09-01
LukeGi;2018-11-23/2023-09-01
Clownvin;2019-02-15/2023-09-01
brandonbothell;2019-06-05/2023-09-01
kaltinril;2020-01-21/2023-09-01
realmayus;2020-02-19/2023-09-01
Liam-Ryan;2020-04-22/2023-09-01
tonitch;2020-04-22/2023-09-01
TheGreyGhost;2020-04-26/2023-09-01
TBBYT;2020-07-18/2023-09-01
sigmasoldi3r;2020-07-18/2023-09-01
MichaelHillcox;2021-01-12/2023-09-01
ravenbuilder934;2021-01-12/2023-09-01
D0CTOR-ZED;2022-02-10/2023-09-01
shaokeyibb;2022-05-02/2023-09-01
gdams;2022-05-05/2023-09-01
skyjay1;2022-06-29/2023-09-01
Daniel-Mendes;2023-01-03/2023-03-19;2023-03-19/2023-09-01
srcres258;2023-07-15/2023-09-01
ZeroMemes;2019-03-12/2023-09-01
srs-bsns;2019-01-19/2019-04-21;2019-04-21/2023-09-01
Cypher121;2019-04-21/2023-09-01
Asherslab;2019-10-14/2023-09-01
hakanai;2020-11-27/2023-09-01
shedaniel;2021-01-30/2023-09-01
tie;2021-02-23/2023-09-01
anatawa12;2021-04-23/2023-09-01
andriihorpenko;2022-12-10/2023-09-01
Kobata;2019-02-19/2023-09-01
ramidzkh;2021-07-05/2023-09-01
DenWav;2017-09-24/2017-11-29;2017-11-29/2018-09-05;2018-09-05/2018-10-28;2018-10-28/2023-09-01
jaskarth;2021-08-28/2021-12-10;2021-12-10/2022-11-22;2022-11-23/2023-09-01
ZekerZhayard;2020-10-08/2023-09-01
dzikoysk;2021-04-20/2021-04-22;2021-04-22/2021-04-30;2021-05-01/2021-05-03;2021-05-03/2021-05-07;2021-05-07/2023-09-01
dependabot-preview[bot];2021-04-22/2021-04-29;2021-04-29/2023-09-01
dependabot[bot];2021-05-03/2021-05-05;2021-05-05/2023-09-01
theWituch;2021-04-10/2023-09-01
theel0ja;2017-05-15/2023-09-01
amaembo;2017-04-13/2017-09-27;2017-09-27/2018-01-10;2018-01-10/2018-03-01;2018-03-01/2018-03-14;2018-03-14/2018-09-05;2018-09-05/2018-10-01;2018-10-01/2018-10-08;2018-10-08/2019-01-17;2019-01-17/2019-07-25;2019-07-25/2020-04-22;2020-04-22/2020-05-13;2020-05-14/2020-07-29;2020-07-29/2020-08-06;2020-08-07/2020-12-02;2020-12-02/2021-04-05;2021-04-05/2021-04-13;2021-04-13/2021-10-01;2021-10-01/2022-01-14;2022-01-14/2022-02-17;2022-02-17/2022-06-20;2022-06-20/2022-07-04;2022-07-04/2022-09-13;2022-09-13/2022-09-15;2022-09-16/2022-09-23;2022-09-23/2022-12-05;2022-12-05/2023-02-07;2023-02-07/2023-06-13;2023-06-13/2023-07-17;2023-07-18/2023-09-01
gorrus;2017-04-13/2017-04-20;2017-04-21/2017-04-24;2017-04-28/2017-05-03;2017-05-05/2017-05-10;2017-05-10/2017-10-25;2017-10-25/2018-01-10;2018-01-11/2018-02-16;2018-02-16/2018-04-27;2018-04-27/2018-05-17;2018-05-17/2018-05-21;2018-05-21/2018-09-12;2018-09-12/2018-09-27;2018-09-27/2018-12-14;2018-12-14/2018-12-17;2018-12-18/2019-03-06;2019-03-06/2023-09-01
helgp;2017-04-24/2023-09-01
ioistired;2017-06-05/2023-09-01
trespasserw;2017-06-08/2017-09-27;2017-09-27/2017-11-28;2017-11-28/2017-12-01;2017-12-01/2017-12-04;2017-12-08/2018-01-11;2018-01-11/2018-01-31;2018-01-31/2018-03-06;2018-03-08/2018-08-10;2018-08-10/2018-09-28;2018-09-28/2018-10-19;2018-10-19/2018-10-23;2018-10-24/2018-12-17;2018-12-17/2019-04-10;2019-04-10/2019-07-15;2019-07-15/2021-01-18;2021-01-18/2021-02-11;2021-02-12/2021-02-17;2021-02-17/2021-04-20;2021-04-20/2021-11-24;2021-11-25/2022-03-31;2022-03-31/2022-06-27;2022-06-27/2022-09-01;2022-09-01/2023-09-01
Maccimo;2017-10-15/2017-10-18;2017-10-18/2018-01-23;2018-01-23/2018-04-27;2018-04-27/2020-12-18;2020-12-18/2021-04-15;2021-04-15/2021-11-24;2021-11-25/2023-09-01
thenickdude;2017-11-24/2023-09-01
cdracm;2018-01-18/2018-06-17;2018-06-17/2018-10-01;2018-10-02/2019-01-23;2019-01-23/2019-05-13;2019-05-13/2020-11-12;2020-11-12/2023-09-01
chashnikov;2018-01-23/2018-09-06;2018-09-06/2021-01-15;2021-01-15/2023-02-06;2023-02-06/2023-09-01
sirgl;2018-02-01/2023-09-01
develar;2018-08-14/2020-01-21;2020-01-21/2020-06-26;2020-06-26/2020-11-02;2020-11-02/2021-04-12;2021-04-12/2022-12-30;2022-12-30/2023-09-01
akozlova;2018-10-04/2019-06-12;2019-06-12/2020-06-05;2020-06-05/2021-01-16;2021-01-16/2023-09-01
md-5;2018-12-18/2019-01-05;2019-01-05/2023-09-01
artfly;2019-04-08/2023-09-01
gregsh;2019-05-14/2023-09-01
amakeev;2019-05-06/2019-05-15;2019-05-16/2023-09-01
AlexandrSuhinin;2019-05-13/2023-09-01
ARostovsky;2019-05-27/2023-09-01
egorzhdan;2019-04-04/2023-09-01
rvishnyakov;2019-06-08/2023-09-01
ignatov;2019-07-23/2023-09-01
bade7n;2020-02-03/2023-09-01
leonardosnt;2021-02-11/2023-09-01
jqyp;2021-11-01/2023-09-01
XenoAmess;2021-11-24/2023-09-01
BartvHelvert;2021-12-10/2021-12-13;2021-12-13/2021-12-15;2021-12-17/2021-12-20;2021-12-20/2021-12-22;2021-12-22/2021-12-29;2021-12-31/2022-01-04;2022-01-06/2022-01-10;2022-01-12/2022-01-17;2022-01-17/2022-01-19;2022-01-19/2022-01-23;2022-01-24/2022-01-26;2022-01-27/2022-01-31;2022-02-03/2022-02-06;2022-02-06/2022-02-21;2022-02-21/2022-03-30;2022-03-30/2022-08-11;2022-08-11/2022-08-15;2022-08-15/2022-12-02;2022-12-02/2023-03-25;2023-03-25/2023-09-01
ThexXTURBOXx;2022-03-31/2023-09-01
asmjmp0;2022-09-01/2023-09-01
BasLeijdekkers;2023-01-03/2023-09-01
nebojsa-vuksic;2023-06-20/2023-09-01
dpeter99;2021-08-31/2023-09-01
autoforge[bot];2022-12-24/2022-12-30;2022-12-30/2023-03-06;2023-03-06/2023-03-09;2023-03-09/2023-03-14;2023-03-15/2023-05-29;2023-05-30/2023-09-01
yuuka-miya;2013-07-05/2023-09-01
Nidan;2014-11-10/2023-09-01
MAlden94;2015-02-23/2023-09-01
sammko;2020-07-13/2023-09-01
mraof;2019-07-06/2023-09-01
juliarn;2023-06-13/2023-09-01
Marcono1234;2018-10-10/2023-09-01
TheMDev;2019-02-15/2023-09-01
Lorak-mmk;2020-07-21/2023-09-01
github-actions[bot];2022-12-07/2023-09-01
busti;2020-02-17/2023-09-01
