waj;2014-11-24/2014-11-30;2014-11-30/2020-01-15
zamith;2015-01-26/2015-02-08;2015-02-08/2015-04-01;2015-04-01/2015-05-27;2015-05-27/2015-06-29;2015-06-29/2015-08-01;2015-08-01/2015-08-25;2015-08-25/2015-09-07;2015-09-07/2015-09-27;2015-09-27/2015-10-16;2015-10-16/2015-12-19;2015-12-19/2015-12-30;2015-12-30/2016-01-13;2016-01-13/2016-02-01;2016-02-01/2016-03-10;2016-03-10/2016-04-10;2016-04-10/2016-05-30;2016-05-30/2020-01-15
hugoabonizio;2015-06-29/2020-01-15
miketheman;2015-12-19/2020-01-15
veelenga;2015-12-28/2020-01-15
asterite;2016-01-13/2020-01-15
ukd1;2016-02-16/2016-02-20;2016-02-20/2020-01-15
f;2016-03-10/2020-01-15
bcardiff;2016-05-23/2016-05-26;2016-05-26/2016-06-23;2016-06-23/2018-06-05;2018-06-06/2020-01-15
muescha;2016-05-27/2020-01-15
arr-dev;2016-05-30/2020-01-15
jwoertink;2016-12-15/2020-01-15
matiasgarciaisaia;2017-08-08/2020-01-15
cjfuller;2017-05-20/2020-01-15
carlhoerberg;2018-11-22/2020-01-15
jkutner;2018-08-23/2020-01-15
tribela;2018-08-12/2020-01-15
paulcsmith;2018-06-15/2020-01-15
joseph-lozano;2018-03-04/2020-01-15
pynixwang;2018-01-27/2020-01-15
danielwestendorf;2017-10-26/2020-01-15
danielpclark;2017-03-29/2020-01-15
hackervera;2017-03-29/2020-01-15
bacongobbler;2016-12-25/2020-01-15
will;2015-05-05/2020-01-15
